rtlr_party_id,XCYFEM,XCYMALE,XCYA10V001,XCYA12V009,CYEC17V001,PYCYPOPGRW,CYB26VV01,CYPOPDENS,CYB03V001,CYB02V001,CYA01V001,XCX02V194,XCX02V160,CYB17MED,CYB21VBASE,XCYB01V002,XCYB01V003,SMFAM007P_PCT,Race_and_Ethnicity_1,Income_Race_and_Ethnicity_1,Business_Sector_1,Business_Sector_2,Business_Sector_3,Business_Sector_4,Average_Expenditure_Alcoholic_1,Percent_Tenure_1,Percent_Labor_Force_1,Sports_Events_-_Attend_1,Sports_Events_-_Attend_2,Sports_Events_-_Listen_1,Sports_Events_-_Listen_2,Dining_1
127842798,60.2166431854401,49.239633707171535,95.60012002400481,60.71923823610983,11.577063841887671,59.326655580862024,53.10606060606061,2.1327083330252483,3.0868096605303164,3.56504055386746,3.018934033397434,6.8511733936968335,11.408985261418906,4.5333999999999985,4.3475728791432235,73.944,26.53090316668364,63.91487224558981,126.70128342714668,-7.7520927321485615,18.794391336764647,-13.648736524933465,-0.4055606561669149,30.888380275862872,-22.074886499480375,-4.789434349594019,-16.555677656640867,-50.88573724142907,-22.31688339784139,-52.54147020893302,83.81682278249599,-20.465369681469287
219054223,58.052520959881754,51.16781561889085,88.12762552510503,65.02110874857478,21.287428275012807,69.87130484123921,35.22727272727273,3.964166010533944,6.254011146765749,14.137919397235413,8.190986514550811,12.334788661026082,12.461793635068533,27.782699999999995,15.514306478833596,88.46000000000002,11.750330923531209,72.99056228681442,68.54076129213374,11.360232954241686,2.3014643956347367,19.129889997292697,-31.258358497520078,-1.6118658888811763,-22.295247306718977,-38.84686071482316,-8.100612298487446,42.38853210885219,-17.95265685582609,-15.7966927991565,-9.599220078844024,-2.0265372857502757
158885417,59.29741090606741,50.05864800905443,97.4214842968594,32.363666245518885,20.54549184933784,68.06342551363792,49.45075757575759,0.9744501060856464,0.8197939537240331,0.8653241622054704,0.6410272994692232,15.090871240673533,13.129739109951034,13.2441,0.951096023207762,88.60000000000002,11.607779248549027,67.89294159499445,-43.80123682271177,-4.718697898991031,-0.4887615918346362,-1.425487632918134,8.2100610376293,0.6550093320699637,0.2987807144883081,13.349939948744115,1.3241225229655529,-4.459144652763626,20.789144506966128,24.80451431226221,-2.548586756429428,8.647702164401286
176813328,57.475113749220505,51.68227183866654,87.18743748749748,32.613273345454175,28.219260591221467,68.4054567377787,50.0,1.496400430412738,11.84597196419524,12.12303777153092,9.629084543975823,22.536799735547472,27.07465065560553,25.788999999999994,12.347626263790527,95.3,4.785663374401793,69.80978090275596,-15.535916065511648,3.123061164102384,-8.225136408046946,2.3053808834809275,7.301148802990483,-7.200923946578469,24.92934029901796,16.230539226982838,2.4405813955548727,8.897274103256429,2.0499074351185,16.21857069211014,-1.2265989971466698,13.656387994699106
229711259,55.916114280435146,53.07130363206091,77.375475095019,32.762215853646005,30.062403288500924,77.78964291624966,48.95833333333333,0.5522773174970439,5.2934470528626925,5.349685705964773,4.436537964716148,25.619295883714088,19.86638959585812,22.159074999999994,5.484362544846136,93.3725,6.748294471031463,70.77761734362902,-17.342338463461402,4.488336874927644,5.108752834852021,-1.2571574628020674,1.9033433750525968,-4.297137578952794,30.02863087086614,31.267182023918586,-7.3090298661526525,23.308260607458926,10.308158662503198,31.060574390070283,5.5463071437166205,13.093700259959304
353320760,59.77319444765227,49.634736083959275,83.39667933586719,56.064014462831146,15.978569391712918,74.45799084238982,42.42424242424242,0.6048439296098045,14.909643641276816,25.18227054160568,17.055746534021132,8.530424050538798,13.187855015538256,20.985,26.945900726395184,90.72,9.449139598818858,65.28972314646244,1.22858740393273,-8.617353280310201,-13.528641374035379,3.0069048634564917,3.7472402709249337,-2.22445869864468,-3.883317475303025,-30.289074426037054,3.7831002004327203,16.98235204211946,-14.499770870475707,40.94459648952113,-19.423065159168782,-8.227345505106989
159284111,58.31812827678593,50.931165757794005,87.52750550110022,30.18910562591805,19.62046098364668,66.98689405701047,50.37878787878788,0.11105725592185453,11.11298767100152,11.496824561557007,9.337473301309071,16.711981232106268,12.482521641394644,10.700899999999997,12.343986401474385,90.41,9.7647897362794,68.11475924414589,-8.562042586527532,-4.594690180855009,9.211134055855595,-4.2751166960114375,4.96609976380116,10.183748210783586,-11.379483263399795,13.710192849087369,15.08235831206286,-12.157544134307384,16.591603920487223,2.4244375960787123,-8.120126353260993,10.898528241277347
157380866,57.948587661962726,51.260417738450464,82.59651930386077,32.03804710692017,52.00993941245802,75.08846314495348,53.4090909090909,0.3160305130998972,14.065191690592805,14.20916521154382,11.88657690165457,33.57620567818003,18.49422463502243,54.06649999999999,13.962511844718616,98.78,1.2422360248447204,60.267436750580714,-16.614209025843955,18.269106794459862,7.913838195282008,3.3843201911451684,-16.070460506962217,-3.53051043284528,56.55912834747261,20.658944444640998,36.99218081768391,83.37487658093573,-0.11000364515375896,70.27753728888105,-9.844942058607868,13.311954839111856
154957562,60.8471718594822,48.67784751517647,95.92918583716741,23.358294043326865,25.33446330892207,69.25659434623964,46.02272727272727,0.2686382595292289,15.796318189495018,17.142742863856746,12.451689183070876,25.215639758927274,9.633873669194193,25.249499999999994,18.310934025068946,90.87000000000002,9.296405661337953,71.80823236445056,-30.794533138830733,6.890625646416477,-12.306800221104648,-2.200034779677265,-2.187896234607325,-2.4439223034198254,-19.857972652083145,21.627213109595214,-6.072406282280779,23.182927996156675,14.07074476401845,32.75776244945864,-10.072583050666339,13.917519107018009
228472997,59.18423909277779,50.15948142813046,71.63432686537305,42.032603001448344,24.090636947082185,68.3030049886121,51.70454545454545,0.4629899244632264,20.099645330180714,22.56367438412993,18.637987002787124,29.517568592373646,25.62988924270713,22.496299999999994,23.85565761999109,91.81,8.33927298645759,66.62899951869755,16.434355661027308,8.537180805261215,-7.743017403453359,-3.8741852609141034,1.7602156859801883,-3.829275656016719,13.799561008006506,-6.025400821890768,0.6901286659166765,-0.7724146522896257,2.3676423186870013,10.816712999307232,9.138360081208006,1.2618393758465452
139475102,59.761646303439065,49.64502520835478,97.13942788557712,27.75466600926525,17.083215183160437,65.3713087816911,42.04545454545455,0.020885219224617196,3.6564769464617455,4.073510681247477,2.6178484560311968,20.11737940358635,8.116273654626474,17.0517,6.697346661700276,59.040000000000006,41.70654719478669,70.89794295519702,32.10429697731047,1.5042194655898462,6.521940047698506,0.3751968368561471,1.8811686419079072,-8.116999627246821,-31.17892487500401,22.62396026469511,-22.292294356891986,-32.512691055506785,-1.9346504673551248,-25.788912899982204,-25.112690829912147,-2.95633458728326
220798871,59.48449084232164,49.891964193847116,93.65873174634928,74.8513142892361,9.314299723758564,65.22945251361428,38.82575757575757,0.6277771796041299,10.287113663232562,20.43879922054579,15.968764702990805,8.24183680122252,11.164646622361689,10.500099999999998,22.240772039063,89.2,10.996843498625395,62.14033105237825,48.23160208759836,-13.915481791279655,-0.10965667839355413,15.629462859553499,-1.3173661418190934,1.1082834390489638,-44.93867968633892,-39.58730145861189,-20.577701802146322,-18.49304054163418,-30.55764305611645,12.49737505937212,-12.846020529220047,-24.68102610949157
180035577,57.953206919648025,51.25630208869225,97.0344068813763,23.296662660626797,19.349018876964774,69.17226867577175,48.40909090909091,0.053399614885712016,0.4033102516466813,0.460722932527714,0.3264271857075749,13.914332022890244,10.751248813951227,9.12027,0.4986611373113792,87.17500000000003,13.058751654617655,72.72166070270158,-20.999785125041424,-4.941568262632712,8.369048280564277,3.3240569223015233,4.939354200343644,-0.16935446378853228,-24.173107122130123,21.23420994558439,20.82112131993512,-26.49081990571397,25.063895055043602,7.490677299118233,-26.940693280406176,22.08288452549548
140626358,58.029424671455295,51.18839386768187,96.02920584116823,31.66055488788224,23.960855064632977,72.17252874559654,49.47916666666666,0.13192046908519264,1.3705455159601418,1.5120986642034775,1.2865636701178311,13.900457415937383,12.901634180521176,16.338999999999995,1.7868690753657754,79.2,21.17910599735261,68.96227007345094,-46.44774976125118,8.66659958469258,-0.7411706877019993,19.332561224805726,11.483296218346863,-1.694422206835628,22.242037660014272,28.034873392380305,1.928757173490596,-1.2556979347176682,21.53658580953928,26.22312518895796,-13.740251884277043,15.399559980695797
120792022,61.144536572972726,48.41290256199197,92.0134026805361,52.42262693496861,11.311720883764625,58.095264364917384,48.29545454545454,1.283103013788188,7.888870123289986,9.43288331810506,7.18328302515803,6.60633748122696,10.307243295264835,5.105949999999999,10.881671715964556,77.85499999999998,22.54862030343142,64.30880783476678,78.25663753967734,-7.8479302926737695,-28.599091948923512,5.5040609148783926,-3.34162547318075,11.652299716463224,-22.001543001774248,-5.2600413992247645,-18.03241589363182,-37.634091230433775,-0.12051677108445373,-34.499548158025604,52.588451526907996,-12.881671491942564
173289815,58.72462295309145,50.56898857907194,95.69013802760551,30.09871293129128,14.980828676316786,63.30493581003871,43.71212121212121,0.5768874293608367,1.549062658334741,1.7506471494799676,1.2584743742462552,13.432552595969847,7.8315057172490725,14.487659999999998,1.9275497538846431,88.36100000000002,11.85113532226861,72.0017996526252,-43.56838142716504,-4.309129146424244,-22.37624321814129,8.708454447224845,-8.639526044821674,5.5464020895898605,-31.977611716675728,-1.2467101754403531,-5.731070360522356,-14.376942120375825,15.565748960729428,6.177858870373192,-7.957251396066206,4.798545130366327
143803703,59.37131902903204,49.99279761292315,48.90578115623124,39.87447741723419,27.97305496152737,64.72507467156335,56.51515151515152,4.44335474341179,4.368518831278502,4.549482717890324,4.005644470086193,16.711969793848276,16.298954417370616,47.00042,4.485159674693373,98.95600000000002,1.0630282048671216,67.34676794944235,44.499661411043384,4.953928014163552,-1.1087133259215558,-7.228959883341615,6.589130378121745,-6.599875790443254,38.922276414043935,9.112340615062248,-1.969292056367815,3.4486835910635776,-24.29380891384927,-18.24529738524044,-17.347444975782107,4.374259990533973
162242918,57.810009931404025,51.38388723119661,98.16963392678535,27.32324633036476,30.73170985330448,67.42034376502299,52.27272727272727,0.050948433073370734,2.187130552271576,2.091127146280156,1.740057960044455,15.448968783850095,22.287837232071148,17.651299999999996,2.126892880065323,95.44,4.64311169941961,63.47960742461339,-48.66530482773994,2.6297146764132595,11.043359323281576,17.178947846522494,1.9326254337261723,0.022625878211467342,9.14199662042038,33.10404463831697,4.073516978419762,18.030231936188493,33.119307376627916,55.18750326191947,10.626890378299183,18.850115654652512
160262981,60.50072753308544,48.986521247041885,94.39887977595518,36.09544646800818,19.067338199587336,74.0954692684157,52.65151515151514,0.18566660608251287,16.426279344705286,16.92650556779789,14.08123793962058,14.670595327014075,9.981600504291086,15.611099999999995,17.961507242719364,91.48,8.675287648915589,64.64101115366104,29.266914844326624,-6.818365043602246,2.7489143841593817,6.624861626926797,6.891630378387428,5.636773456832772,-25.48584724677057,1.2081356751199752,6.7815629757361116,-24.31766481169145,13.470522025007243,-7.52992359249485,3.1128335293281006,-0.2951465870189796
192896917,58.114880938633156,51.112254347155066,72.79655931186237,37.178104424106095,26.972474642539908,68.938205833445,57.49999999999999,2.7999350451490432,8.170917074818442,8.066526091592118,7.363830670332565,18.37110055486989,18.807391878263452,30.04718,7.98051945688401,98.546,1.4805009673149376,64.20156109402139,-7.348757257283299,2.8537461923205716,0.44818379576362816,-2.8206277543881466,1.0290449679373488,1.9428213177859441,59.62124642335422,-3.057942148707618,4.3419846384890715,4.19944566898456,7.597739929867111,6.498750040679377,19.867045607231585,5.902325414277844
176812933,57.971683950389185,51.23983948965943,82.38647729545909,31.339558102986047,36.212544728755866,69.6821631504701,50.75757575757577,1.8809724890432704,9.83786522546867,9.86942017156492,7.8675900160293795,30.205122280697136,43.249469498641844,37.5047,9.77181703140109,98.04000000000002,1.9957234497505347,70.23876786573754,-9.983023457503828,11.595736915219955,10.249914563640443,2.2294808285055656,-2.8202526273954382,3.988904860039837,44.7103037061261,21.655691599740898,15.216867864098987,39.41313848553425,13.514307784880536,36.52936963821355,12.353197620504847,13.431326934210096
215730072,58.39665565743586,50.861199711904526,94.79295859171837,50.172054276704365,9.63385511382611,61.91474438288585,42.27272727272727,2.161778046560788,3.103529809153859,4.571981396092979,3.1887264350211426,7.388771519652642,11.155154357782438,6.507759999999998,5.117403759007142,86.10999999999999,14.143162610732105,71.38133802080063,31.56709438673429,-12.705764903781414,-17.461842861975516,21.48955096429202,-35.22889264565725,3.046850996299972,-27.501229109494403,-40.25939382605068,-14.719159698926994,-32.944790596151954,11.129548410944224,-23.636645936146078,44.440531469342034,-10.048494327778004
264597225,56.75046769984064,52.327914394485035,87.03240648129625,24.84515115096607,29.313807792432176,74.43237790509815,53.78787878787878,0.6192344266155835,2.862269886843438,2.6535941013465454,2.241599729751406,34.90887711765049,19.35705211330742,28.349699999999995,2.5961317969878923,99.4625,0.5472966093065879,62.22926737397199,-37.708968479123335,11.184743513115214,3.887362230602783,0.14047772566910227,-0.6854368770499308,-2.0193190163902663,42.300061342127606,27.198317744350053,8.126141197709986,24.40172808517975,15.748425560872034,34.075158379894226,14.737781546823316,16.116571199873242
121056457,57.17486199967666,51.9497890729499,25.345069013802767,55.70449806374739,12.960590701538065,63.62962904585899,65.3409090909091,12.832092297106287,24.88093227495356,25.06727729745877,26.473791762961827,9.795152237494838,23.326562184600142,30.6974,25.00828068676923,97.3,2.7492108746563493,57.7981459392722,35.53107517332871,-6.643527970448003,-4.9692510019947305,4.573768752728997,-1.777469154200995,2.0617942391711432,-23.23225792023925,-50.83630506616797,-4.939278781118957,-24.875204561526488,-39.40533034474976,-70.52675434177561,6.635226310010007,-16.899545111758258
147778520,61.715592304316715,47.904105360633814,65.10502100420085,56.413258964798224,21.68013345336991,69.28654178061142,42.405303030303024,48.444613936106464,7.780104712041887,12.452893392513188,8.707570841388986,21.224717160475333,24.11914690499871,56.82167999999999,12.99940427586759,92.091,8.053151410243357,77.15278213740139,74.80847898174663,4.304049594268428,-1.260161932186398,5.275949309352341,11.988287027128408,-5.793404199841395,-3.4275451857355304,-63.16321952573925,-3.4563446526169384,47.53470894302579,-52.2990237810509,-43.597449982993425,-30.406837104480534,-11.071212213745953
211384712,57.244150864956005,51.888054326576814,62.60252050410083,38.406623319260824,27.15820871406352,74.662894340723,60.6060606060606,1.913371279529112,23.815233913190347,23.13739067829765,22.505069933106817,11.115012828006344,17.96536989417869,17.5906,23.991545813127047,93.61,6.5064657366866925,59.58733546780506,-9.51328391149347,6.461306941345955,9.30285165136582,-0.9601098913621076,3.1039585159786536,3.5610295655018795,1.0605885046988122,24.21875571285496,7.6219506237460495,17.273784594357167,3.645438804766752,18.73471234180157,20.18675072855468,5.319571409161152
171728988,59.04566136221911,50.28295092087664,93.57871574314863,46.86039464628722,18.43182691696239,66.93172773053615,42.99242424242424,0.8308784545026972,16.037831447390644,21.30999803761529,15.364844841751928,9.499702033379123,13.218462725814195,13.301199999999998,22.84498918354248,90.54,9.632420323795946,66.58714713206521,-24.963897957436533,-4.695007541498334,6.927823822781138,3.58055921656192,-13.978020425313463,-7.8681806872678814,-4.700515309230348,-14.084813533127148,-1.5210770654869032,15.39537365380521,8.733646569124401,51.95947476900332,5.022711067976203,3.314878559347422
159284114,60.41989052359286,49.058545117810475,86.89737947589519,42.45375078323215,13.73848210789774,68.44486125668892,46.21212121212122,0.03753940640063956,6.208410741428812,7.874537370929457,5.684016858012677,12.689260276416938,11.771182957007019,10.1993,8.818173104572029,86.68000000000002,13.562773648304653,66.05352920250279,17.446395049700687,-4.590609598705038,-2.110005648610388,9.685800213568363,6.735845468004813,6.405430617016176,-26.661959344715253,-20.07953570879943,0.9353142521194368,-27.89482115651221,-0.11568260235653365,-14.259776379555525,-8.566255408525933,-1.1842010158300602
228473000,58.90708363166039,50.40642041362281,57.39147829565914,46.76794757223711,24.400593677122675,67.33365382342048,50.75757575757577,7.022145890726608,15.789562573889544,18.610156653296613,15.519705565043907,23.062158925444287,27.950651072490302,48.86959999999999,18.514766314772867,97.57,2.4742897871907137,70.18645238244711,40.30132249797696,7.907590978080085,-11.614672513205663,-1.5664540034908236,-0.6477080033071221,1.7026663012779295,7.8377664353573175,-32.76670306871396,-0.9534825438363316,17.765312214528485,-30.012720018427572,-21.672276775201592,-9.859465880983214,-7.491145726154968
200560236,59.334364967549725,50.025722810988796,95.93918783756752,31.28819861740265,18.8297713639176,69.9737565904058,49.05303030303031,0.017393590835000104,0.6080054044924844,0.6599612272778973,0.5089336896731552,20.87676535214393,9.658669788911409,16.4434,0.7752906733381298,82.73000000000002,17.58476733530191,66.07445539581896,1.6433090166687416,42.52200661431147,-6.415810505762497,6.31867370344979,-14.225388045450995,2.7290407299924744,-5.680519292639008,26.454317189293324,8.997890325810367,-35.37568441009715,13.140133142846725,-33.65005578956089,-26.97988228619367,7.537585975469698
180035578,60.254752061343744,49.20567959666634,93.25765153030605,26.927778291372643,19.404691105121728,62.72726556281476,45.60606060606061,0.6880303622146046,2.507177841580814,2.8510824989031898,2.131127485856485,15.00065769983495,11.127859254124973,11.848389999999998,3.1135382252274004,88.50399999999999,11.705528968536811,69.7522338711365,-12.919437804907991,-1.749745656989626,-5.4960035139099945,-5.55517826624446,-2.025129101803852,-4.617533206806561,-17.654550231432477,5.035644750703631,22.748403569666294,8.790226453131169,23.953779614257805,33.409366167383105,9.854933764856623,9.637085613852
140626362,59.21599648936417,50.131186336042795,61.87737547509502,47.597403264408904,16.85384720293047,64.42757055379113,59.51704545454544,3.185202788730145,18.29420705961831,18.28142596622448,18.86972369372762,11.413923105166775,11.898263070557745,18.918924999999994,18.77926297641248,94.635,5.462783830567153,58.77644547680331,34.91620301391787,-7.158476801008406,2.435734406531671,11.408615257159342,7.2659502143035315,-6.615607120297898,15.989544552963247,-18.10028064367249,-8.452395567857762,-17.17866683648258,0.2786360595379881,-16.702253869077257,24.75141962354123,-3.998089579786849
143157672,59.623068572880356,49.768494701100934,85.60712142428486,33.548015983071906,30.726110634955358,67.1287503250873,50.56818181818181,0.949940048447136,25.28458030738051,25.897228537823402,20.923938252335752,17.916315416827278,17.84545740898371,40.1691,25.208473114156998,99.72,0.2851033499643621,70.20737857576329,-29.59850339598414,8.819175254679447,7.251523769536557,-6.007724767276815,2.1245740197736747,-1.8647599422839312,55.809113146213036,12.727684939060314,9.79180011319609,12.787292190153913,5.464873231551708,17.728322226802554,7.090609609235974,10.360632482210733
143803705,59.05720950643232,50.27266179648113,59.221844368873775,47.7335059012049,25.344061968949138,66.11999464098544,40.34090909090909,7.217853129035397,11.472724201992907,18.632655331499272,11.757218302245994,15.5049018654655,14.45691267387795,63.73219999999999,18.691906280825087,96.76000000000002,3.2990530495876187,76.9456128235713,-18.552843660634306,0.6648496114809577,-2.4746679126320887,0.5258897755266713,7.146077190991295,-1.5889370561106375,46.045156378862856,-44.32897006787289,12.654101027508498,63.67659509921503,-19.22326543165895,-7.657697789355494,-19.433612912133675,-0.6534937050482973
212403780,61.11277917638637,48.44119765407964,23.324664932986604,38.34499193656076,18.74378336784185,66.23820819771613,49.62121212121213,16.350814549370206,25.730450937341672,28.445828807557557,22.752699251974658,28.514204600696136,21.655729898967444,31.3614,29.490164485378067,93.63,6.486101211689237,69.8830225793626,45.80813377341382,-4.548302110713781,-8.514273540107327,-4.838736504802053,-1.666729730577693,-3.077788807153734,-2.958771940903485,-32.72398533349539,-3.247017367618662,-18.389498226141285,-57.810174288642756,-72.24413936593656,-30.18445640633722,-8.640821631277984
341083533,58.99946878536621,50.3241074184587,56.221244248849786,54.6978521463129,11.523591306653593,62.95187132060307,60.6060606060606,4.157050604716002,18.203006248944444,19.517603340803724,19.048977752908076,7.762116260741955,6.04618509760954,12.314099999999998,19.740186627873825,95.98000000000002,4.093269524488341,60.21512126729028,108.98322178770808,-8.309572539388737,9.853310985747203,0.7391005942075555,-0.2992354412832004,4.815214563160547,-24.516064749313394,-16.690595381459765,-9.374230480590807,-38.99063458002067,-31.54718989959293,-45.51521332872466,47.96283815131596,-16.380328658979867
162242928,57.97168395038918,51.23983948965943,97.84956991398279,28.09363861411564,24.62856185276535,64.40195761649947,45.6439393939394,0.013731782238157972,0.7110285424759333,0.7812041042588747,0.5732433933791313,14.963872262109973,17.675758964669022,11.0962,0.8602207940480971,88.22000000000001,11.994705223500665,71.44202398141755,-47.35671478379711,-1.9364401212588929,8.832005554965063,20.923104021126075,20.003104069818033,2.3037545020734966,3.0677561876099753,22.69515649005939,5.1579793193268495,-19.778194994515328,18.76371330207129,8.664961174219941,-15.832532622924065,15.344332546655108
20365694,62.11746772293694,47.546043831669934,67.10342068413682,54.194529187595656,10.532529658859623,62.2347090764369,49.24242424242425,5.40911920381765,12.612734335416315,15.462841558058464,12.143076524481854,9.768615478937019,15.13822480704551,5.7688,17.297839013742905,86.77000000000002,13.471133285816109,61.386988092996006,85.89879102810986,-9.887217321342511,-22.14544920264401,4.8094182715279805,2.481605559835008,9.307581288356763,-31.19568220798973,-37.80739582450492,-16.73530020011145,-43.11428674134464,-4.571826921486571,-46.20403790535881,70.162293463315,-12.607415422864378
193443962,58.82624662216782,50.4784442843914,84.17683536707341,25.556480026296054,19.628059922834773,66.7504669435491,50.18939393939393,0.03816731268246986,5.980408714744133,6.1508886352926755,4.877927985698115,16.8685709841134,12.70665531727604,10.8916,6.742238296932688,88.55000000000003,11.658690561042665,68.125222340804,-14.540235039148635,-1.0352991994809273,3.191993613757998,-0.5190540382732189,6.020773297197187,-9.300151972953246,-13.845314615420302,21.157318022190967,8.033937679668929,-13.19778607180535,8.989097405454832,-6.260329990049791,-19.467331113764786,11.84066028660152
160262982,58.15645425780078,51.075213499331205,92.83856771354272,35.68457058334104,20.44754552264504,75.33277116219689,48.86363636363636,0.06524357048027367,11.330856274277995,12.156785788834902,9.9214349786392,14.338085166981411,10.126696548573856,20.0637,13.940672670821767,84.64,15.639955198045008,70.86655366522277,-42.84547749321469,-6.177531721765252,1.6240715111824144,11.494354847182608,11.596490119332314,-1.9426865996631324,-22.36628746164111,8.840371034170701,-1.0708536104483093,-19.681777374388282,18.949073852635447,12.901474546722202,-24.193720031850013,15.795824839381444
192896925,58.17955054622722,51.05463525054018,57.77155431086217,39.03320904337822,19.13892820562249,66.80563327002342,53.97727272727273,0.4525150392943751,19.04914710352981,21.32499715641706,18.609528110917235,15.129498237936357,13.858706285700116,28.764599999999994,21.42180301793117,96.63,3.431422462071072,65.03860882666835,-10.496302510545744,-4.8296213206867495,0.4515570215056051,-3.385444745312242,1.5794097554926478,6.0699623610226165,35.2186877415148,-18.52745799585816,-9.871297903369673,-12.905050145632927,3.253823367463877,-4.694152140445168,11.063124151704276,0.8031847721944722
255779815,58.756957756888475,50.54017903076448,92.55851170234048,32.23321315213707,32.1583106998263,73.46499696585205,47.91666666666666,0.3734575306138348,18.321229522040195,20.40630112980862,15.394412521616745,26.473848138823854,20.90332264129817,25.4026,20.379589108076,97.2,2.8510334996436204,65.12231359993304,-30.055797995659127,4.523393368032118,1.9603777529863076,-6.608431166485237,3.089669541548412,-0.008359815417780005,62.34724073792545,4.326530346075397,20.49799674069806,37.96380205147965,14.19667514654953,40.47826326087011,1.0398926290532986,13.430825634911127
176812936,56.58590664480218,52.474534417121106,74.92498499699941,39.156471808778356,23.01078769403791,78.58758442418177,47.72727272727273,0.936331500152141,4.629285593649722,5.4921773345815925,4.150193465025315,18.67181235766518,24.454204472677578,31.078799999999994,5.477992785792888,97.31000000000002,2.7390286121576217,66.88011383849164,9.117611467039843,0.2495524283655143,10.745883636335053,-8.101010257152213,-1.3346859376074935,2.2459281366384944,17.898696024744986,-24.863922053279005,14.14369338884225,7.493091785634656,-2.2574452715903828,10.580755135358682,0.36859558497635575,1.976012916115761
135192560,57.036284269117964,52.07325856569606,44.69893978795759,43.409037215083245,18.290246681563254,64.63838472996085,61.36363636363637,1.5258592111116924,21.582502955581827,21.81371844404141,21.068450287675052,13.432632663775838,11.736894572710554,10.9189,23.063380922510966,91.81,8.339272986457592,56.0194195073974,46.30801069265707,-3.2995744078364844,8.2371679860842,-3.653283013062564,1.2345372600542996,4.675346506904637,-19.347362633895067,-13.942421082398601,5.1456126061607925,-19.371895957626116,-6.316360838872715,-32.513645158108595,32.4380467037985,-5.290276421316019
265284334,56.99009169226506,52.11441506327812,78.06811362272454,30.284120674247326,23.88496565879403,68.31088589239415,53.83522727272727,0.3417335926738852,1.2789224793109273,1.2693004285998195,1.077095138075521,28.089244720386066,17.17024744590281,23.557799999999997,1.2542358897704091,98.1,1.9346298747581716,66.40927448887773,-29.268809355673657,-0.5249752538188193,11.707759742226772,1.1227246899864405,4.4288051676583216,2.6661207316044884,16.09357430416135,15.119878111300093,5.8262112698798445,-11.277280072684793,24.01622318728521,1.4060506743613257,-4.167979411453237,17.131009747076828
224539995,54.86523315703168,54.00761395205271,60.01200240048009,25.89545263114645,17.26199022616443,62.93610951303897,52.84090909090909,0.0004342529425742265,0.273602432021618,0.29373274320133685,0.2986335666346474,18.29343478305628,13.903068093631699,10.160999999999998,0.493807987556524,57.59,43.182975257102115,68.5332831104694,-24.278057514984045,-9.745175230989316,22.513399142227048,33.52200966029657,-38.449697669389494,-3.858694247576549,2.043501664234449,3.8708745037440258,10.725630533174597,-19.625370094046875,-2.366336215035149,-21.377904549799908,-31.681465851309763,10.654121079176047
176813333,56.609002933228645,52.453956168330066,95.57911582316463,30.62052530481855,21.90254240508025,66.78987146245933,46.02272727272727,0.004008037294299956,3.9824353994257726,4.287248124172704,3.255401553116304,23.123353605739254,27.27224473460209,19.4346,4.709981837087041,88.35,11.862335811017209,72.79176345031074,-39.098558078047326,-3.7061439551594333,7.660429946455121,12.805125718862946,-17.966662490750625,0.12537753911139496,26.326354355386663,23.435597233847886,-14.414562645476188,-15.032416769956276,9.613921231475226,-1.1319894697140254,-18.01501680344154,7.505321564613109
167096349,60.09654248562257,49.34664060088487,70.8641728345669,43.39876531796658,19.501677565811814,65.61561679893451,50.00000000000001,6.701332726975387,27.65411248099984,30.76819236869833,24.23551839719521,13.97423418003132,29.720667836991865,17.9351,31.039532544615607,96.22,3.848895224518888,69.27616297319354,18.669726965651087,-4.454632335439187,-15.762400137250884,14.961882439333305,-23.327869266345786,0.22521661271918986,-5.0093282522186815,-5.911486861307926,-8.334668818066262,10.350364238985764,-15.318154936803525,7.10705758248347,-6.984731018961005,-1.6304839145986003
229711261,57.85620250825693,51.342730733614566,30.08601720344069,34.47248672357298,12.049917831470726,65.84416300861385,46.78030303030303,0.007916313777467994,0.5083600743117717,0.5874654864026737,0.4276225700449096,14.259504334527866,6.181401437942481,11.683599999999995,0.7352521878605738,77.58,22.82863252214642,66.8382614518593,21.735570014724146,13.715367291477106,14.827969449363088,31.395431985652444,22.810690928106162,-8.333398618410879,-15.372532786108474,29.658147330685875,-12.632201301201258,-27.60142313912197,-0.8388448953656582,-41.72590659927535,-1.955414206080575,-0.21161446977356366
217232307,61.66593528419985,47.94834859553453,97.46149229845969,41.29199921933582,11.660572184123096,58.399861296093455,46.83712121212121,0.26505919372279624,0.2560378314473907,0.3102317738832843,0.22031617459271446,9.488126516284076,9.35795872143458,4.3023799999999985,0.40293275839685905,78.792,21.59454230730068,64.01845690250487,57.67013708029327,-9.418979701412383,14.654304126663986,-3.3164611915909217,-19.469431286478386,14.617057650111676,-25.820973287736184,-0.735521277324846,-20.296245358684533,-50.22982776069857,-1.4903067838648458,-63.05094602125183,22.734455852903636,-18.363750164840127
135663563,59.7131440977435,49.688239530815935,84.36487297459492,46.01809908271957,18.11147163855925,66.25712236679304,44.05303030303031,1.2140033945435156,5.695659516973484,7.58080462772812,5.1854318562922055,13.65705128571739,8.623393046780594,16.746099999999995,7.6541451358699915,96.61,3.4517869870685267,69.43520204239648,-0.4471571838425519,-4.840168290897776,-6.931144918493813,-5.521750229969967,4.751500070159981,-3.2352196243491647,-16.960881168695966,-6.979430241772107,15.233597046363634,28.57227608986608,5.646085593358339,24.13763630410623,-12.531543286710999,8.69533170055551
239291199,58.29503198835948,50.951744006585045,95.6531306261252,43.76033609647366,14.723464604341235,62.95344750135947,47.76515151515152,1.2379013902643166,2.8957946292855934,3.5390420812777243,2.679201391750691,14.084979393978214,15.28735022078233,6.695539999999998,4.308141037385027,76.652,23.773546482028305,70.21365643375813,-12.256692871558757,-6.061393970964753,-8.293482132105536,6.983690276816024,-20.982679536489613,0.790798116601208,-2.3391148672036075,-11.128746256002284,-3.157918352712272,-12.398620454859918,43.355016119766496,21.100577463905967,45.08315226134819,-5.492773671416451
176409675,56.66674365429478,52.40251054635252,95.68713742748551,33.346686799585015,20.12543048990361,72.48776489687839,46.28787878787878,0.6259087182944592,5.937848336429656,7.580054671788032,5.40755905127664,14.636394935596886,12.150408612932189,12.781439999999995,8.064478947643005,92.83200000000002,7.29864575908767,66.29208780630715,-31.95304322210125,-5.8207650760436485,4.725024801323411,-11.895249666882307,1.241338769131103,-0.7170128183335459,-3.1433228448996067,9.703269285585751,1.7665707999136078,14.0871508329721,12.387219167450937,35.28882642191822,4.391685125987958,11.340648145339587
171728989,42.566459569947106,39.24272044449017,68.29865973194639,24.146662147031932,26.017068017304783,66.87459117811632,37.31060606060606,0.124924008669191,1.6171254855598716,1.7158366945941923,1.2852700841237452,13.031035425428849,29.32223487427012,20.21135,1.8096182148416595,69.0925,6.015171571123104,50.450436311130645,-5.163807303732381,11.144566165265848,9.375044843151207,1.6954418289758015,-15.158291100071446,-6.6280854965980645,7.924421377481681,19.72760983998662,-15.735482858530688,-11.352137303539033,1.5517313931937196,-4.603703371345562,-9.640758426041923,-22.296019576809268
159284116,58.4451578631314,50.81798538944336,83.75175035007003,39.91916016969174,17.483759267206295,66.30716610580903,50.71022727272727,0.4132679625384774,2.4991555480493157,2.6145338961336018,2.1151978983293147,14.234340166929936,11.426555636874776,10.101824999999998,2.810883673640238,89.97,10.2128092862234,67.01874986921129,0.4400089793880733,-0.4328627101183321,6.563816004466248,3.9904055523041655,9.118640027384266,8.557677826205266,-18.891723436977912,4.340769591148255,11.778525303283939,-12.720457647103569,19.361531663651594,3.6638349758768944,6.781580533356299,5.439687921355421
142577653,66.08656488902234,44.0096717769318,92.81656331266251,38.93870758990478,11.342496587476392,64.92761389876192,38.16287878787879,1.2794693729497832,1.251815571693971,1.5299101177805805,1.0515745343922014,13.886674315048518,5.765930828899415,14.002169999999998,1.5555558251749864,95.91799999999999,4.15639955198045,76.67461862012681,74.41246382254819,-10.32007954310277,3.565299436305456,-17.492726034878388,1.8066261426367012,-15.291797432320967,-37.35269547748151,-30.66356657145316,-8.801621869863341,-41.29322331606177,-11.301183118501289,-49.81477716742226,0.4486535724960787,-13.03248160168097
228473005,57.330761946555214,51.81088589361047,48.86077215443088,47.13157273016754,27.684575233297434,66.02463570522268,52.78409090909091,4.792061616783796,3.0580982942070603,3.4551720086444915,2.7338276803009403,17.623541765083345,28.676034434061513,47.64574999999999,3.56488115242894,94.255,5.849709805518787,71.23171573859,-14.876213341876428,7.250320243332098,6.43651117518116,-11.1019529501771,-3.0285661164033866,-5.374134432053884,15.732051108805802,-19.569770735191213,1.7117395051207858,22.59385436877257,-33.307308644894164,-19.729431590879628,-15.52367885833074,-3.6404979308570997
222673994,58.14490611358756,51.08550262372673,95.21904380876177,54.41023902704592,15.173081837775447,68.41333764156074,45.07575757575757,0.10301770820122362,12.192197263975682,16.26279456081955,12.502323834839375,12.291437663209644,10.358772731552172,14.6426,17.33787749922046,91.05,9.113124936360858,64.38989683386696,33.10817050773329,-5.708182664468879,-1.4202536851437677,10.305239560962862,4.909537177086238,-2.6739754469649113,-22.82137225297709,-20.706062492005106,-14.205654357565372,-4.52785434586596,-1.6902682829505826,6.353568943651143,-9.952646720754915,-4.7449250001630725
173289819,58.4451578631314,50.81798538944336,95.52910582116422,24.385483754994716,20.237974778720893,67.94048341463801,47.15909090909092,0.04057917699865915,1.123121094409728,1.1811806056394183,0.8552451400898193,16.779009423980764,8.945393907670875,11.740499999999995,1.2242070256622426,93.66,6.455554424193057,65.3211124364367,-43.20132059084304,10.375841998690843,9.248956741495212,-8.754777022255377,0.12376414187261615,6.441439132359427,-25.289685612218474,19.90426445577964,4.147460032729382,-17.38365608472992,29.205536341595717,-13.977751465204802,-6.298195078731816,7.945909056155883
143157677,55.76598840566322,53.205062249202605,33.39667933586717,47.23018294248765,25.42525063501136,69.28811796136782,68.93939393939394,1.3433262681553233,30.785340314136125,27.24839915654955,31.7885822186626,14.902220051495034,15.388316920755868,32.287699999999994,26.864610468001366,98.45,1.5782506873027191,59.838449787599146,37.23685553724799,4.380487049174132,13.508061458179764,-12.354476446804421,0.14416029032916122,16.392574572366676,33.17870558741368,-5.498548754195106,-4.850627424260231,-8.779513078492759,-24.689278188870173,-32.7192154554807,11.807770755103984,-7.455909960886943
239736377,56.447328914243485,52.59800390986728,50.008001600320064,26.68227995028402,22.32836296053071,64.31684385565337,49.73484848484848,0.13518704882146218,0.3472386421212633,0.36247870437611773,0.3060254866008515,17.732514049040393,12.33500410104574,10.22149,0.4717261561719325,67.49700000000001,33.09540779961307,62.888442463431474,-33.11519345825913,15.917948661786408,9.539113957139216,5.5427992307492415,-0.993420956477202,-4.541147967310679,-12.740093420310217,15.129845582851093,34.960473740600534,-7.514033356905919,5.250529746847673,-24.823783166397682,3.3193438698100297,6.585291495675082
181346617,59.415201977042294,49.953698940220185,96.37927585517104,31.842881061703284,18.91375963915437,63.66115266098718,44.69696969696969,0.094138996010483,1.2937003884478973,1.4361656252695152,1.0437390992280249,16.112959660695513,15.122727232222248,8.704999999999998,1.7252947378510493,80.78,19.57030852255371,74.73789942871494,-49.81074105514689,8.285801180693039,-8.395742071294128,0.6167392014073051,-3.027928371482788,-1.3246268413727431,-17.329488141387216,19.277737672573988,-8.92118212620409,-12.168534296905243,14.592906622081873,-17.593193977370372,14.518636873710332,-4.004326086482176
366765245,58.29965124604478,50.94762835682685,64.31086217243447,37.1462615430444,20.248573299167443,68.11386329784301,56.23106060606061,0.2105592757731292,1.3247762202330686,1.3442960226086715,1.2696731329950546,18.02095260100268,16.629168992917222,20.17048,1.335586812536171,97.79299999999999,2.2472253334690966,64.59601983803127,-22.445046446407638,13.779441600770125,4.782994783783939,1.314717336615406,3.5572568144196515,-0.12008105094591932,3.4117895903957964,13.305798289018268,-1.0447820487665886,-15.587507323497956,8.311124748202861,-12.132804922503126,-0.14074815468522373,4.102172929304228
212403787,57.86775065247016,51.33244160921907,30.36607321464293,53.20842706439452,24.10823449046513,63.95274610092287,62.5,21.263981683070046,13.683499408883634,14.259162274216388,14.555799201450887,32.12091611295966,27.005492727956728,43.07469999999999,14.57886186358524,94.94,5.152224824355971,65.86519346265722,73.31561967648301,1.6085808614560413,3.2138388013099135,1.3842288492331067,5.5529328173245345,-10.850373937349772,4.564159932370481,-19.894425522852323,2.4468750416885485,-28.4103981560335,-58.77030746010129,-75.75879396603935,-16.710059517423407,-12.731589013417336
363619201,35.98863662609419,29.669719106904004,44.27485497099421,19.929534785779587,18.748422720188266,69.26447525002169,23.90151515151515,0.5978935352154138,6.146934639419018,7.441312822871656,5.012091333084718,13.550744115874132,10.898243311149844,17.384759999999996,7.431628219609879,57.636,2.407086854699114,44.81553560591793,23.933228191635234,-4.742779998655472,-0.1982950948400326,-12.027401699700835,1.9788686040193368,2.03903353253892,-13.618221753799881,-23.978951342573648,-21.22845152408671,-5.208338710036053,-25.692325824081895,-45.72904211624404,-30.65021550859439,-53.32521552034417
20365726,59.98106104349032,49.44953184484001,96.5593118623725,32.33593212330385,18.179462147084266,67.36517743854867,45.45454545454545,0.1118670789769254,12.182063840567473,14.274161393018158,10.735654962916586,11.166027458682153,12.38314344284049,14.866299999999995,15.379631573136358,90.09,10.090622136238672,69.84117019273025,-46.067527671688154,-6.066063943875237,-6.453306702668022,2.841312594066142,-4.758565809213401,1.3437770398615827,9.05226269001158,4.298051855929688,0.37023607328806346,-7.980547001421987,26.83927879449952,24.275008626204844,-0.14313411001649945,8.067176609674442
160262987,58.318128276785934,50.931165757794005,84.02680536107223,27.92928826024879,36.09696086426335,75.60072189078646,53.40909090909091,0.7243280399308022,32.366154365816584,31.40940469747402,26.72511704181277,16.902199462630634,13.172551160400289,32.0636,30.90485763891838,98.65000000000002,1.3746054373281744,60.11049030070941,-23.0524320534754,17.25386446235715,6.769394119188296,6.188683575820059,8.281706897697246,1.0473977555522826,-14.308458663726046,30.170760153308677,19.87427958854125,55.447045829388145,10.079813806391844,59.28786883105329,2.4321508582203633,16.000965901830927
126489448,57.68298034505857,51.49706759954728,98.27965593118626,31.072488777952405,13.382931742728715,64.02367423496128,49.05303030303031,0.014817414594593544,1.3460564093903058,1.384918636030133,1.0718283950996006,12.862893032842667,9.126715533103015,6.8167,1.6476443417733653,81.64,18.69463394766317,61.43930357628644,47.81449307058856,4.407031648082689,11.807616592285983,-3.680043450640536,-10.049387908046537,8.131771793565429,-34.29650627720799,32.26392917901849,-21.295943412527322,-49.03796063044499,1.9444884372014373,-66.1155681535454,-35.07661185806527,-12.965036290568015
192896960,57.810009931404025,51.38388723119661,61.87237447489497,43.58365946606679,16.984029029547482,63.85817525553832,51.89393939393939,2.0140651476592626,10.094578618476609,11.636816337040196,9.873757094857183,12.936441031776626,13.436397371766288,19.5972,11.899923198905126,94.92,5.1725893493534265,64.71425283026765,-7.984839496840444,-8.071817229658151,13.849932308661034,13.86848340564816,-34.242435573578504,-0.21587175906364786,25.251639126691963,-20.74878022722368,-10.836171679579623,-14.18900170488659,17.126602093521967,7.086600998965549,24.6063121397473,-0.4393919415959231
176812939,56.74180659168072,52.33563123778167,96.84436887377474,26.953458034164328,25.160387609889654,69.08518468898015,48.53219696969697,0.4535507912452447,2.581489613241007,2.6007847038986456,1.9745666209722812,13.534347373032475,15.333058380526678,17.449249999999996,2.6607393530994035,95.0875,5.0020364524997465,66.95858706342729,-46.449750657311704,8.879228289809259,8.492752482905003,0.8944395983246769,4.410570782750934,7.355773332954444,22.60484620905562,31.544847302839266,4.37829349762042,4.583201557703348,20.486577311412038,31.36068657559367,-8.729161219664922,16.176498570580097
135192561,58.99946878536621,50.3241074184587,83.6367273454691,46.99392930880404,16.930436511063053,63.62174814207695,44.50757575757576,3.5704922449583765,15.472048640432362,20.533793639623674,14.350303826390409,8.395566988729884,11.650689312756171,9.358899999999998,22.671489079806403,87.92,12.300173098462482,67.30910080147322,-4.648531743682644,-7.5528971498433695,8.007598687213992,-4.850998170102543,-3.5478235230810715,3.4143926919673726,2.556111273901586,-4.686911785042329,0.8595449329013821,7.3021999027523385,22.079944323012825,56.03037510925749,23.516506609645262,2.1741437956912604
207541285,59.16114280435135,50.18005967692152,92.73854770954192,36.77339167770896,23.058780994173212,63.37744012483353,55.68181818181817,0.14238215061727647,14.450261780104713,13.766691206891597,12.082832376757294,18.102987787371934,10.23847280698662,17.033499999999997,15.138187372832311,88.27,11.943793911007026,63.15525142821271,56.32957772443597,11.51880515819437,-0.6694546730779773,-4.663444383636499,-3.1242635417141167,-0.05866039319514218,1.5376694112232567,25.030392682007736,-3.8142567205101736,-1.7200270074005946,-2.750413667329926,25.807671109546906,23.527203168506862,-0.33175056350121984
129853036,49.4607016652424,58.82292416915321,94.19883976795359,43.80964120263371,13.60570064419007,63.62174814207695,49.62121212121212,0.07516683704639551,6.885661205877388,7.533307418189183,7.319479150535343,13.180876605216529,8.238317056359644,7.746999999999997,8.911596237352995,82.06000000000002,18.266978922716632,64.6828635402934,70.27765142991821,-5.488622353341526,4.2655472456810095,6.6252486085994615,-0.8158757637221623,-2.3754641264321465,-32.076806464169444,-11.037615087536016,-23.5481455037874,-46.48003299356902,-8.096651150892553,-45.24454873811109,-2.30220597225032,-9.369323989487961
13060871,56.56858442848235,52.48996810371438,52.282456491298255,59.84304541205715,12.978548194672024,62.78243188928907,50.64393939393939,4.804301681481381,4.396385745651074,5.443430198475839,4.61059920012034,8.893462921170958,23.013026873957067,10.828239999999996,5.959182583986789,86.22200000000002,14.029121270746362,61.464415008265846,79.04178635432392,5.242944669532854,13.86097342577642,25.79054321771525,-56.25620678623711,-5.3563862392108845,-25.666859990392012,-40.186773676179115,1.3237417438630117,-33.559949752157486,-2.5861600672600518,-32.41996093107874,47.25461533889495,-10.383482538297631
156607503,59.01101692957943,50.313818294063175,97.5595119023805,32.027775209803494,20.277969195500308,65.60773589515247,51.32575757575757,0.10448477895316358,3.8811011653436926,3.8535236054881774,3.1556106335725485,13.483761677031634,16.206782591109278,11.2756,4.17856193893039,89.51000000000002,10.681193361164851,65.25833385648818,-45.67112137723082,3.452710675196442,0.7855257005610863,9.775931778214565,-5.9012526844165984,-1.6229619730415228,20.64893228547216,32.17849370858135,-1.5625690320138252,-20.060189525376966,35.56490769922897,1.9202810049416632,-9.35678163186273,10.1185867920971
225127328,58.121809825161115,51.10608087251775,93.8087617523505,27.076720799564477,22.7440249341192,65.9229720464343,51.32575757575757,0.048865192605616,4.306704948488431,4.29474768357359,3.4871382440568035,12.31408541404778,13.606095816080982,14.737999999999996,4.517069134331544,92.28,7.860706649017413,67.85318182769372,-48.75195649797714,-5.880726750649767,15.507650931175435,-9.11836564427506,1.7250421520738286,26.77157282032137,18.958822955460047,28.704117910804538,8.380734642474486,-24.800968358085235,44.839198370957746,9.38500154883716,-15.140745514036887,14.855649314431725
147778620,59.842483312931634,49.573001337586184,31.88637727545509,51.62655490842604,13.39972939777607,65.55256956867815,45.26515151515152,57.53453032692276,30.58267184597197,42.92247830439961,31.06676123396277,16.957331866186106,15.286032926922353,54.4363,43.299802112818746,96.22,3.848895224518888,78.35813087241301,40.88457374699261,-9.29992702784998,-8.908474700932247,0.7850372057671737,5.161946092654102,-6.115164046718759,-17.744844178851938,-65.55968447150086,-4.628975410440037,35.11974433185373,-57.80055272531665,-54.532105223896046,-35.144804627547266,-6.168280515967162
229711262,60.58156454257802,48.91449737627329,78.27565513102623,37.01991720850924,20.21117851947868,65.03242991906313,41.477272727272734,2.3978801977817943,17.51900016889039,22.519926954291428,14.710659924742863,20.827695225327965,15.202539742562037,20.7526,22.912933280110455,95.40000000000002,4.6838407494145216,74.26706007910103,-17.748651444379497,-5.495219678006619,-7.417258777470336,-7.2120247068024925,-4.171020113695355,4.884018017384627,14.48091757629447,-3.4338582186310136,-3.0963168262287635,20.470514463068977,-0.9179504076332492,14.002927218942904,-12.59855946858149,6.954236986385603
159284120,60.57694528489274,48.9186130260315,80.99819963992799,32.322578657052176,18.02412383231301,64.86299048774914,50.15151515151515,0.8009637082140401,3.2060462759668984,3.5420419050380785,2.801463747991708,14.685705265830837,10.78071357808395,10.87559,3.7727172906806175,90.565,9.60696466754913,65.67999665180908,20.998390897228454,-0.3451887506409375,-31.1346632945448,1.6849884655670386,-2.378128740559417,12.08129736437007,-18.98122866573024,-12.378951973399037,2.38084726988792,-4.8790966656101205,7.633588367398352,3.534362073545553,4.199306622643534,2.07818236662073
142577654,60.17737949511514,49.27461673011628,92.8085617123425,35.69484248045772,24.66095733035668,64.5438138845763,42.04545454545455,1.6944608502076397,11.722681979395373,15.149109989788098,9.979461550373905,18.09463785903262,9.562197385636617,23.6723,16.061499113693525,91.56,8.59382954892577,73.45093853977023,-23.18975676392689,-0.7332100486376205,5.556612257405491,-10.49099706695485,-3.3054108053720963,8.289632817456072,0.9546264530733196,-2.622221249478231,0.6770961201802829,33.56203717216237,0.054015585087901316,18.243413665077373,-8.053905275256977,8.783886404974279
157380874,59.698131510266315,49.7016153925301,66.94588917783557,33.401641449159236,17.332380399696202,64.5615459180859,50.0,0.479686656691055,0.8575409559196082,0.9311952922765786,0.7582261905333898,16.15408019820213,13.105427289447045,10.530224999999998,0.966990088654913,94.19,5.915894511760514,67.60206750789963,-16.564207749006474,-8.756144046421383,0.5177961939510908,-2.2599130874832505,-1.5783325496756258,-6.480564104902798,-13.091951075691805,9.829998566734163,-2.421342224589224,-19.133144258733285,11.86434887943063,-7.887510098438352,-0.9040889491281616,6.682188114310131
120791422,59.48449084232164,49.891964193847116,96.22924584916984,33.496656497488516,18.732584931143613,66.06482831451112,44.88636363636364,0.3168872824190301,18.371896639081235,20.905021829967485,14.778665588431945,11.622185187684655,12.446489779930566,10.4857,22.272317512469566,91.11,9.052031361368497,69.45403561638103,-44.206693398056736,-0.21799346000430805,0.37759884455626375,-3.71026527568268,2.9231551922135433,-3.2739876694467576,2.8263750626451576,26.468556434366175,-4.016763518416997,11.544768498473356,19.972547356531734,45.49921524538498,10.942248474941707,10.130605524330992
154957572,59.19578723699102,50.149192303734964,97.43948789757951,32.14076607808696,20.186781925243235,66.75834784733115,50.0,0.03587868230944353,9.934132747846649,10.120655411494573,8.261948946226369,20.082607099269207,8.787318644473624,14.515199999999995,10.525268530842373,93.34,6.781386824152326,67.0056709983887,-4.092256129413213,4.429655657949503,-5.902522118224519,5.521508786171425,-14.714513156943813,8.265962424741387,-27.395282755847553,21.07188255175382,-4.553198572463635,-24.05802622926909,15.707107690647366,-12.260888813353622,-17.931724697267143,6.8488576091269735
228473009,59.75009815922583,49.655314332750294,33.71674334866973,42.72082010826581,26.27153249406383,64.77236009425562,58.14393939393939,5.0860584876744594,17.790913697010645,17.4202265616895,15.915912475232446,16.16111472687156,14.864498891729687,58.1665,17.32574462483333,97.6,2.4437429996945323,63.59470148785236,11.858724478447092,4.02041550123709,-14.113436244601333,-4.093048327579877,1.0648409977923703,2.448321351163755,44.549104015075294,-26.14545410983602,0.9452141783329804,-10.109406937372533,-31.922296738925336,-41.027327082781206,-3.2936226339337717,-6.3865507700785225
222673995,65.82442201538214,44.24323490070995,96.0492098419684,80.9528211765431,9.133524959915595,64.32314857867901,42.04545454545455,0.42353158951904935,0.9795642627934472,1.4161668002004884,1.7223173521255648,9.35340671357115,8.481628981084825,12.022999999999998,1.5469414843601181,88.87,11.332858161083395,60.612718940297576,140.8204349916481,-8.420806654344176,23.44721722721136,53.13388020390639,42.547348385564526,0.5879425658622086,-39.531430714236045,-33.336272871628196,-30.07475503339255,-22.150423856308237,-31.327694321037683,12.983840017086177,-29.92262118356385,-20.33349727942164
200896053,58.03866318682589,51.18016256816546,79.51790358071614,35.787289554507815,18.68091214466461,64.86062621661453,45.45454545454545,0.7774348274944268,5.369701064009458,6.422122700291357,4.598069895777624,19.090589859526755,12.013371307557511,12.84116,6.486719962339556,95.834,4.241930556969759,70.28271287170152,-12.310341024929704,-4.0940433303518695,3.6965073267345665,-8.114042720909364,5.708962741896657,-6.116949484465025,-19.92548108779849,3.5006541318497653,3.1462541220421567,12.321727172329746,8.494423962128304,33.09760994247209,4.809935145469608,7.545527695615755
117169812,59.969512899277106,49.45982096923554,39.697939587917595,49.664622559140454,18.395032053525327,65.34766607034496,32.95454545454545,30.48622902936791,4.816753926701572,10.205650418037939,5.348054095548697,13.434234019895706,12.281053168692264,96.1246,11.097940201915298,89.26,10.935749923633034,85.95433904618412,25.702441823077606,-2.2382618744717644,-0.2129358107279933,-13.103323347897005,-0.7748179177038759,-5.491104837309363,21.04918418090352,-72.59387153749164,3.386657938088265,85.3081711571178,-55.000322699270846,-28.36718844634152,-33.73555770671256,2.2698344511576414
173289821,56.94851837309746,52.15145591110198,89.8249649929986,40.74039834417018,14.925316425826955,68.48741813711197,44.60227272727273,0.8221863537116033,2.6890727917581496,3.0581953310243017,2.3480803368645766,14.011065370788293,6.897621858399434,16.25378,3.1043172406931747,94.55700000000002,5.542205478057227,69.98556092661185,-6.020943900916863,-6.733719069559329,-14.842321099180687,5.6853870586837765,-10.20195337135392,8.109219856929982,-33.22680552021341,-20.12082951951073,-8.020921500396746,-17.39320432818625,14.570973077862206,3.0450134804654696,10.450458392230583,-0.8320736903039222
181346618,58.25114904034922,50.990842679287994,96.63632726545308,30.575328957505164,15.885542378283994,69.30939640157935,48.50378787878788,0.7100246869276883,1.1984462084107417,1.305173321067387,0.9926609322615544,19.540948391723735,13.054982683397336,16.360589999999995,1.344807797070396,93.738,6.376132776702983,71.63663757925795,-43.980648925894144,2.3460759129712625,-0.3670879382142421,3.1641246711653985,0.41670188960689336,0.6914601043970484,7.915674332441113,1.826118911281926,-21.523228821801048,-20.204154094186045,18.25233096143311,-10.801162812188013,-5.930849961470883,0.3042662552068512
226147778,60.58964824352728,48.90729498919642,90.34306861372276,35.543845592842544,18.51941468970932,65.67157121578704,47.25378787878788,1.9423224537478951,2.908799189326128,3.349303228435329,2.5554236919166033,14.414252526997151,8.570158877262696,15.101499999999994,3.5079779715532617,94.365,5.737704918032788,66.67503714399314,1.7520501057233242,-4.027503711845443,-16.28693305224984,11.927072943967929,9.700992912819533,2.24541449061418,-15.21435948867362,-13.653364407419625,3.1647905034340083,0.1358596233350268,0.3905196548771046,22.95153329562303,2.659328066777651,3.6579898129295136
133093254,54.638889530452474,54.20928079020477,24.067813562712544,51.03592082421702,17.29762525151489,68.85466825335531,79.75378787878788,3.7728241879546265,0.6171254855598717,0.5602170872461243,0.7106961451506973,12.248269677521195,10.311447012435645,9.65976,0.5678185213180669,95.734,4.343753181957031,53.17973507439262,61.8308792799295,3.0876038438262148,22.524968787127328,37.036892376900155,-16.902902007451374,-2.3163277642669966,-7.796086430924937,2.2034589057126026,-15.754657821794574,-24.301215649898147,-16.097961255367988,-48.36503010511986,35.36169659548369,-9.219570206966992
212403791,62.72951936623786,47.000720238707686,40.06801360272055,59.60781896808521,10.060595540862495,67.59372364822799,50.37878787878788,27.588195070834757,19.22985982097619,23.071144570256486,18.319395252243726,16.792392185839663,15.923758130899493,11.1825,22.68362195419354,98.73,1.2931473373383569,65.04907192332644,114.44109542495904,-11.007142500280702,10.673856078065898,26.121880899141235,-5.6154044242256935,-2.9913920320567353,-16.304828361583823,-68.60688291709202,-20.772755649510888,-57.100544857700825,-47.260091489401525,-90.02935913725098,-20.22216667143832,-27.477221858016247
341083537,60.40834237937965,49.068834242206,93.99879975995199,30.01448337493452,21.415010464539147,68.7837401193169,46.96969696969698,0.11352193478511367,26.949839554129372,29.082041430065985,21.69380671681592,18.666436376405613,9.197229498548847,17.2466,30.047063419747705,93.95000000000002,6.160268811729968,69.06690104003181,-16.344769294865355,-1.888152899175525,-14.1570237097418,0.8370580167552563,-4.416300858863401,2.1560635039174425,-21.235982861500272,7.0035084197723005,-2.3315476944602094,-4.7046531709406665,17.670457428455514,16.980237354320998,-3.0419704296749623,9.128179429104579
162242992,56.12398087627319,52.886099392941674,96.79935987197442,24.488202726161493,23.44752672526916,64.50440936566606,46.96969696969698,0.014435976199089156,1.2514777909136972,1.3436710593252643,0.9664935355811916,14.348722746920535,17.458211758087508,11.465699999999998,1.4183330158564535,91.97,8.176356786477957,69.08782723334798,-46.86772478231218,-0.5926299892174092,-7.6552433912363504,2.48469671846418,-2.0494699253666337,-5.084516113013554,-1.833915480117173,25.044631927080573,-1.7088366486189135,-6.366225233027903,20.972227271374507,23.58431699624196,-9.332509240035364,13.903187816811974
20365732,58.11026168094789,51.11636999691327,97.76955391078216,24.04651115014432,33.977256774954206,83.32400759719125,54.92424242424243,0.07790732521101935,3.3001182232730963,3.013572952589036,2.6019558281038577,16.66371178335024,17.58800394723231,22.073,2.925236014739016,100.0,0.0,56.00895641073932,-47.51217037053927,6.009616537800086,10.776692752971863,-12.10363699120591,2.5603445011050705,21.8964517462788,25.932651319119373,35.837979692305304,35.64764762900471,36.043130866946115,24.338203520461445,59.11758428500469,21.736247797319685,17.722230808646483
193443972,57.86775065247015,51.33244160921907,89.06781356271253,30.035027169167872,21.15544669964073,65.33978516656292,46.59090909090909,0.02110821397891207,2.937003884478973,3.3810513632324097,2.5243406684587137,17.96504239590327,14.929201266616793,11.0804,3.6544217654060205,89.81,10.375725486203033,70.21784167242137,-41.071171569912245,-2.4901769829756173,-1.1495220795021592,3.9356054215486735,0.30247106942821383,0.6538756178502076,12.98671708600611,8.541346887640719,8.741292413902173,-21.927512402442797,12.370527954391033,1.459462466855507,-11.435180793952757,8.607365310043978
160262988,60.30440908146062,49.16143636176562,95.5491098219644,26.573397840847225,16.228934440752074,66.45099259983137,46.96969696969698,0.07984385860358009,9.859820976186457,10.645624569556539,8.110044990920876,13.261287558949926,7.857851594448613,11.862999999999998,12.381598312074516,83.46000000000002,16.841462172894815,70.03996902923389,-23.057076865648078,-7.7637472384059665,-3.924745543417601,-1.8557422966120265,-1.0214670396965428,6.519293233390104,-27.190600383251443,10.449405727403397,1.6940145485298732,-25.09612710597745,8.416505180488025,-13.985273019731455,-13.385755652351985,6.292558619292422
127616986,59.690047809317065,49.70881777960696,90.65813162632529,29.343728493215412,28.698753653989908,77.49686734074666,49.88636363636364,0.5884526415125297,7.05607160952542,8.056901657027648,5.9166036197492895,19.058802940547366,18.91099316595695,16.387620000000002,8.382724242817641,95.622,4.457794521942777,65.0689518069768,-33.00135939985423,4.741692136610566,0.5656457605215882,-9.489041820508954,2.943706307630706,3.173239428386748,29.431613117718157,27.791382301634478,12.25390635029744,37.59468155903702,16.559090743021883,54.546958886373304,12.496327414107489,15.645995162424724
159548391,55.96923574381599,53.023973659841545,71.70534106821364,45.04124166692347,21.115812232612328,64.46579293713404,49.29924242424242,3.9626772271348742,3.3443675054889384,3.5074189391373256,2.866106088096163,10.050385526485858,16.291418721612803,23.9755,3.5511710043714744,93.67200000000001,6.443335709194584,71.10929750769039,-11.714038150813124,1.1539295922075936,9.1586849509872,-13.198882079367962,1.5344490978570209,5.721046134245293,-9.831126313222894,-15.652554415648579,14.992037929155972,6.550532519417518,-7.038191133837363,8.421404159494248,-17.92892927139148,3.810005690300173
135192562,60.20047578354159,49.254038481325246,84.98699739947989,32.9317021560712,20.39155333915385,67.33365382342048,49.62121212121212,0.13416068612340495,17.353487586556327,18.8201443165214,14.98933530746876,13.847383898821745,8.987431079378966,12.624499999999998,20.06292108657169,91.05,9.113124936360858,67.08937577165338,-10.19539371408185,-4.34243136836375,-16.603130895520973,3.0189312184150823,-4.288827753303597,2.683897108836637,-26.346207326988644,-4.117341982128096,3.0616286506939767,-2.861957023586843,15.816465960686767,17.874459580591548,2.3576907842634256,7.121712063650921
