,BRND_CD,MKT_LN_CD,stagnate,return,first_buy,rebuy,sales_total
0,10W,049,1,0,8,0,1.5000300000000004
1,10W,051,0,0,1,0,0.5
2,10W,274,0,0,2,1,0.15332669999999998
3,11W,049,2,0,9,2,2.16671
4,11W,274,0,0,3,0,0.15332669999999998
5,13W,049,1,0,14,2,2.8333899999999996
6,13W,274,0,0,9,1,0.5621979
7,17W,049,0,0,7,0,1.1666900000000002
8,18W,049,2,0,9,1,2.0000400000000007
9,18W,421,2,0,1,0,0.0384073
10,19W,049,0,0,1,0,0.16667
11,1WW,049,14,0,248,23,53.83441000000025
12,1WW,051,0,0,23,1,15.0
13,1WW,422,14,0,77,23,8.2285309
14,20W,049,1,0,1,1,0.33334
15,20W,051,1,0,3,0,2.0
16,21W,049,0,0,5,1,1.5000300000000002
17,21W,051,4,0,3,0,1.5
18,22W,049,0,0,1,0,0.16667
19,24W,049,0,0,2,0,0.33334
20,26W,049,72,4,232,297,398.34130000000124
21,26W,051,49,1,165,329,945.5
22,26W,126,49,0,104,248,105.60479709999966
23,27W,049,1,0,8,0,1.5000300000000002
24,27W,274,0,0,2,0,0.1022178
25,28W,274,1,0,1,0,0.0511089
26,30W,274,1,0,3,0,0.15332669999999998
27,34W,049,1,0,3,0,0.66668
28,34W,274,1,0,2,1,0.2044356
29,36W,049,1,0,5,3,2.8333899999999996
30,36W,274,1,0,1,0,0.0511089
31,41W,049,0,0,1,0,2.00004
32,45W,049,0,0,2,0,0.33334
33,49W,049,1,0,14,0,2.3333800000000005
34,49W,274,0,0,1,0,0.0511089
35,4WW,049,1,0,11,1,2.3333800000000005
36,4WW,274,2,0,1,0,0.0511089
37,52W,049,0,0,1,0,0.16667
38,53W,049,0,0,1,0,0.16667
39,58W,031,34,0,18,10,4.499997800000001
40,58W,049,5,0,48,19,17.33367999999999
41,58W,051,5,0,24,4,17.0
42,59W,049,0,0,0,1,0.16667
43,61W,031,22,0,60,33,18.21773570000001
44,61W,049,14,0,108,32,46.50093000000012
45,61W,051,5,0,37,39,103.0
46,61W,095,4,0,11,6,4.354839
47,63W,049,0,0,11,0,1.8333700000000006
48,63W,274,0,0,1,0,0.0511089
49,7WW,049,0,0,4,1,1.0000200000000001
50,7WW,274,0,0,2,0,0.15332669999999998
51,9WW,031,31,0,74,83,32.51611319999998
52,9WW,049,22,0,74,55,58.501170000000094
53,9WW,051,6,0,70,28,78.0
54,9WW,095,8,0,16,13,9.5806458
55,AAP,003,0,0,9,2,1.2338704
56,ABL,003,6,1,7,5,3.0483859999999994
57,ABL,004,6,1,18,12,7.693545700000001
58,ABL,040,1,0,0,0,0.1935484
59,ABN,004,0,0,1,0,0.1451613
60,ABN,017,5,0,18,43,38.51613159999999
61,ABN,025,11,1,9,35,89.12902869999998
62,ABN,029,80,1,149,742,1692.5079836000002
63,ABN,031,29,1,44,240,438.0604508999991
64,ABN,040,52,2,82,456,1013.383119600002
65,ABN,051,98,5,229,791,5109.0
66,ABN,056,226,14,387,2075,5248.306245100007
67,ABN,060,214,16,348,1823,2191.233594800016
68,ABN,061,137,4,249,977,1349.4161940000017
69,ABN,067,51,5,81,419,1856.0322849000001
70,ABN,093,5,0,2,0,1.360887
71,ABN,095,21,1,37,224,400.2580871000005
72,ABN,123,3,0,18,115,265.8387226
73,ABN,163,23,2,35,101,219.99192659999994
74,ABN,285,195,11,326,1832,4894.312318200025
75,ABN,312,42,0,110,542,981.0907765999985
76,ABN,324,68,4,92,398,801.1276957000026
77,ABN,326,3,1,2,12,6.8044332999999995
78,APP,049,0,0,5,0,1.0000200000000001
79,APP,051,0,0,4,0,2.0
80,ARE,051,19,0,20,187,819.0
81,ATH,049,2,0,8,3,7.83349
82,ATH,051,3,0,11,5,24.0
83,AWK,049,1,0,2,1,0.83335
84,AWK,051,0,0,3,0,1.5
85,AZR,049,0,0,14,0,2.5000500000000008
86,AZR,051,0,0,5,0,2.5
87,B15,285,5,1,23,14,10.061491200000006
88,B2P,004,2,0,5,0,1.3064515
89,B2P,049,5,0,5,0,1.0000200000000001
90,B2P,051,1,0,0,0,0.0
91,B3A,304,4,2,11,3,1.0161291000000001
92,B3A,324,0,0,1,3,1.3230841
93,B3M,304,1,0,2,0,0.24193550000000003
94,B3M,324,0,0,0,1,0.189012
95,B3R,304,4,1,8,4,0.7741936000000001
96,B3R,324,0,0,1,3,3.6857354000000004
97,B4A,046,0,0,1,0,0.0665323
98,B4A,049,1,0,0,0,0.0
99,B4D,049,3,0,0,0,0.0
100,B4D,051,1,0,4,1,2.5
101,B4D,126,5,0,3,0,0.21774179999999999
102,B4P,004,18,1,26,2,6.096773100000002
103,B4P,049,42,1,76,3,37.16741000000002
104,B4P,051,26,0,35,8,47.0
105,B72,049,0,0,1,0,0.16667
106,B9P,004,5,0,13,8,3.919353799999999
107,B9P,049,8,0,24,7,10.333539999999998
108,B9P,051,8,1,20,28,97.5
109,B9P,095,8,1,24,21,25.548388599999985
110,B9P,308,1,0,1,0,0.3483871
111,BAA,003,2,0,8,7,4.2096763
112,BAA,004,43,4,125,103,51.74998120000002
113,BAA,031,8,0,21,22,12.193545000000004
114,BAA,049,39,4,125,192,231.1712900000005
115,BAA,051,44,2,128,288,1043.0
116,BAA,095,0,0,3,0,1.5483872
117,BAB,060,1,1,0,0,-0.0725806
118,BAB,061,1,3,0,0,-0.21774179999999999
119,BAM,049,1,0,0,0,0.16667
120,BAN,004,13,0,32,2,7.403223700000005
121,BAN,049,20,0,51,3,13.833609999999993
122,BAN,051,31,1,81,28,137.5
123,BAW,004,1,0,0,0,0.0
124,BAW,031,37,4,77,69,28.436480499999984
125,BAW,049,35,5,57,56,51.83437000000009
126,BAW,051,27,1,65,104,375.5
127,BAW,095,1,0,0,0,0.0
128,BB4,049,0,0,13,2,4.000080000000001
129,BB4,051,0,0,1,0,0.5
130,BB4,129,1,0,0,0,0.0
131,BBE,046,0,0,1,0,0.0665323
132,BBE,049,0,1,1,0,0.0
133,BBH,004,29,0,123,94,51.45965830000001
134,BBH,049,16,2,52,32,29.000579999999985
135,BBH,051,12,2,41,53,205.0
136,BBJ,051,0,0,9,15,107.0
137,BBL,031,3,0,3,6,3.556451
138,BBL,049,0,0,13,2,4.833430000000001
139,BBL,051,3,1,13,20,105.5
140,BBL,285,1,0,3,1,0.7258064
141,BBP,004,3,0,4,1,0.5806449
142,BBP,049,6,0,0,3,0.66668
143,BBP,051,1,0,8,0,4.5
144,BBR,004,1,1,0,1,0.1451612
145,BBR,049,0,0,11,2,3.5000699999999996
146,BBS,004,1,0,0,0,0.0
147,BBW,004,11,1,141,25,21.7741858
148,BBW,049,14,0,172,36,57.66782000000026
149,BBW,051,10,0,205,89,287.0
150,BCA,004,739,15,1743,2001,744.5863391000132
151,BCF,137,0,0,1,0,0.8516129
152,BCK,003,0,0,1,1,0.21774179999999999
153,BCK,004,1,0,0,1,0.21774179999999999
154,BCK,120,1,0,0,0,0.0
155,BCL,003,0,0,0,2,0.9435483
156,BCO,324,32,0,66,58,33.6441413
157,BCX,003,2,0,32,6,4.064514300000002
158,BCX,004,54,0,278,53,41.87901699999999
159,BCX,049,22,0,397,95,131.8359700000003
160,BCX,051,18,0,362,172,563.5
161,BCX,158,3,0,29,4,8.9493455
162,BDC,040,0,1,0,0,-0.3870968
163,BDD,095,191,0,575,594,304.73389130000254
164,BDD,137,44,5,91,315,696.1936120000006
165,BDF,004,9,8,9,2,0.7499997
166,BDF,324,6,1,4,1,0.567036
167,BDL,003,1132,23,2087,14491,51231.49760439905
168,BDL,004,4747,96,7002,54314,116150.50955129939
169,BDL,005,3058,75,4162,45697,185291.95607211482
170,BDL,006,90,6,130,497,861.0483189000033
171,BDL,017,29,0,56,205,416.22582110000053
172,BDL,019,20,2,35,251,753.6290349999999
173,BDL,020,5,2,14,85,195.00000009999997
174,BDL,021,0,0,2,4,1.3306456
175,BDL,025,674,65,943,6125,13359.4046098999
176,BDL,028,181,16,334,1156,2463.4353949000065
177,BDL,029,823,113,1460,6718,24028.825970800015
178,BDL,031,155,18,274,1198,1757.2861362000046
179,BDL,040,260,44,398,2369,8032.294643099987
180,BDL,042,32,1,44,228,564.6925183000006
181,BDL,048,325,5,622,4618,23617.040541200015
182,BDL,049,275,12,610,2258,4761.928570000012
183,BDL,051,3004,138,4338,63897,472646.5
184,BDL,052,641,26,1451,2682,4620.0
185,BDL,056,499,51,732,3230,10591.811117400064
186,BDL,065,58,19,93,351,2190.258102500001
187,BDL,067,211,34,247,2224,6328.557520400017
188,BDL,073,209,8,404,3504,17723.649258800036
189,BDL,077,1,0,0,0,0.0
190,BDL,095,56,6,68,354,1501.0645543000032
191,BDL,101,1137,24,2064,14695,65713.12052319958
192,BDL,107,0,0,1,14,59.225807700000004
193,BDL,112,324,12,490,1749,8733.387296899986
194,BDL,116,172,3,274,1222,2455.25
195,BDL,121,55,3,78,195,983.6491892999996
196,BDL,123,100,12,163,718,2408.935567000006
197,BDL,163,25,4,32,159,713.3951484000002
198,BDL,225,18,2,31,146,385.46371270000014
199,BDL,275,25,0,35,104,659.6129135000002
200,BDL,283,35,4,22,256,616.5499204000006
201,BDL,285,40,4,66,409,1257.096727299998
202,BDL,304,66,6,105,344,903.0484130000023
203,BDL,324,234,10,314,1960,4927.626901500019
204,BDL,326,17,1,24,131,290.22805080000006
205,BDL,328,330,32,597,1897,4058.2058168999815
206,BDL,331,61,0,89,17,29.4556485
207,BDL,351,0,0,1,0,0.0255645
208,BDL,352,0,0,0,2,2.7217744
209,BDL,355,17,0,12,15,17.3225813
210,BDL,367,19,1,36,103,437.2983869999999
211,BDL,374,506,59,1180,3290,8957.101129499973
212,BDL,375,270,41,589,1925,6286.608909999994
213,BDL,401,1,2,1,0,-0.1209678
214,BDL,402,514,64,646,3005,9207.145478899969
215,BDL,436,1,1,0,0,-0.5
216,BDL,448,1,0,2,2,4.5362905
217,BDL,455,0,0,0,1,10.0
218,BDL,463,122,12,204,574,2010.677474900007
219,BDM,004,1,0,0,0,0.0
220,BDM,040,1,0,0,0,0.0967742
221,BDO,003,855,193,1167,1053,617.0199708999993
222,BDO,004,1712,364,2022,1947,977.0409570000222
223,BDO,025,134,65,137,97,71.9788157999999
224,BDO,324,54,8,29,30,39.78703970000003
225,BDR,004,3,1,2,0,0.1360886
226,BDR,040,1,1,0,0,-0.2903226
227,BDS,004,4,11,11,6,2.7731847999999997
228,BDS,324,2,2,7,1,0.9702617000000001
229,BDU,417,10,0,30,25,11.413303899999999
230,BE3,304,0,0,3,0,0.1935484
231,BEA,004,8,1,5,4,1.2973785
232,BEA,025,0,1,0,0,-0.0725806
233,BEA,095,2,2,0,1,-2.7755575615628914e-17
234,BEA,304,20,4,1,7,1.0161291000000001
235,BEA,324,11,1,5,2,1.3230842
236,BEA,442,0,1,2,2,0.2721774
237,BFG,049,1,0,6,0,1.0000200000000001
238,BFR,040,3,7,2,0,0.9999999999999999
239,BFR,049,8,20,19,2,2.66672
240,BFR,060,103,146,20,2,-6.5383032000000085
241,BFR,061,35,87,9,0,-6.287296400000002
242,BFR,441,0,1,0,0,-0.0725806
243,BGF,324,19,2,28,32,15.309973400000016
244,BGM,155,5,0,10,6,7.248386499999999
245,BGM,168,0,0,1,0,0.2032258
246,BGP,095,0,0,1,0,0.0967742
247,BGP,304,4,1,1,0,0.0483871
248,BGP,324,3,0,0,0,0.0
249,BGT,025,3,0,9,3,1.741935
250,BGT,031,3,3,1,0,-0.2177419
251,BGT,095,1,0,4,1,0.6774193000000001
252,BHD,051,0,0,1,0,0.5
253,BHD,126,0,0,3,1,0.4354837
254,BHL,003,351,22,615,6209,15541.93481129984
255,BHL,004,439,31,718,5905,10986.912490599878
256,BHL,005,56,1,83,1925,6034.499770000021
257,BHL,006,8,2,11,33,57.348786000000004
258,BHL,025,314,29,432,3920,9708.344318599957
259,BHL,029,69,11,125,858,4826.246874399997
260,BHL,031,39,2,50,275,361.23383029999974
261,BHL,040,226,35,386,3158,11619.984293599991
262,BHL,048,62,4,162,1105,3125.733935399999
263,BHL,051,301,33,932,2911,16445.5
264,BHL,056,499,45,940,7357,30974.4155749001
265,BHL,067,85,16,156,1439,5019.734865400002
266,BHL,095,18,1,41,184,369.35485800000015
267,BHL,101,41,3,85,845,2921.1229019999987
268,BHL,163,75,10,137,822,2846.052316999994
269,BHL,324,41,5,68,311,598.884766000002
270,BHP,004,14,0,63,40,19.306444
271,BHP,049,12,2,96,46,57.667820000000084
272,BHP,051,16,2,63,104,360.0
273,BHR,004,4,0,0,0,0.0
274,BHR,049,3,1,3,1,0.83335
275,BHR,051,1,0,1,0,0.5
276,BHZ,049,4,0,32,1,6.500129999999998
277,BHZ,051,1,1,1,0,1.0
278,BHZ,095,9,1,15,3,1.9354840000000002
279,BIC,046,0,0,1,0,0.0665323
280,BIC,049,0,0,1,0,0.16667
281,BID,051,0,0,0,10,35.5
282,BIV,049,1,0,5,1,1.1666900000000002
283,BIV,129,0,0,1,0,0.0766935
284,BKD,003,1,0,0,0,0.0
285,BKD,004,1,0,0,0,0.0
286,BKL,003,18,0,28,40,30.99192709999998
287,BKL,004,13,1,22,30,17.201607900000003
288,BKO,003,1,0,0,0,0.0
289,BKO,004,1,0,0,0,0.0
290,BKX,003,134,4,382,460,493.91122639999855
291,BKX,004,344,16,965,1140,638.5310569000027
292,BKX,005,84,1,175,241,228.9193251000002
293,BKX,025,1,0,10,9,14.733869599999998
294,BKX,042,22,0,39,78,66.36592079999997
295,BKX,051,2,0,4,14,48.0
296,BKX,095,27,1,56,111,163.16129909999964
297,BKX,324,6,0,21,24,47.06400700000004
298,BKX,328,1,1,0,0,-0.0967742
299,BL2,003,12,0,16,2,3.1209667999999997
300,BL3,003,52,2,194,76,50.22579019999999
301,BLA,004,23,4,61,27,12.511082900000012
302,BLA,025,9,4,36,13,6.749996800000005
303,BLA,095,36,2,104,100,120.38710199999976
304,BLA,304,154,15,395,323,108.97984609999929
305,BLA,324,120,3,237,427,276.0835864
306,BLD,025,2,1,2,0,0.1451612
307,BLD,031,1,3,2,2,0.5080644999999999
308,BLD,095,0,1,0,0,-0.0967742
309,BLF,025,0,0,4,0,0.2903224
310,BLF,095,7,1,34,17,12.000000699999994
311,BLF,304,20,8,50,36,10.705645799999992
312,BLF,324,46,3,102,94,45.740910000000106
313,BLG,025,2,2,5,2,0.8709673
314,BLG,095,13,1,35,16,34.741936299999985
315,BLG,304,23,5,70,38,14.66129129999998
316,BLG,324,42,1,67,79,40.92110220000007
317,BLH,324,1,0,0,0,0.0
318,BLK,324,1,0,0,0,0.0
319,BLL,003,1145,60,1957,3562,1701.1838537000833
320,BLL,004,3123,176,5313,9626,4137.5849393006365
321,BLL,025,150,37,250,339,221.9213199000002
322,BLL,029,6,6,9,5,10.233870399999999
323,BLL,042,33,0,52,86,46.40623949999992
324,BLL,048,258,36,431,997,425.3166163000023
325,BLL,056,12,4,21,23,19.59677330000001
326,BLL,067,40,22,63,120,90.29940439999989
327,BLL,095,29,8,48,105,99.19355409999994
328,BLL,101,331,11,474,959,478.56939919999843
329,BLL,305,2,0,0,0,0.0
330,BLL,324,60,3,111,201,170.9614012999999
331,BLL,328,133,19,186,298,237.50001389999898
332,BLO,095,0,0,0,1,0.1935484
333,BLO,304,1,0,0,1,0.0967742
334,BLO,324,14,2,46,20,11.057203100000008
335,BLP,003,240,13,522,1100,669.299207400004
336,BLP,004,522,54,1066,2222,1119.404841300021
337,BLP,025,16,2,30,78,56.358859499999994
338,BLP,042,13,2,28,83,48.73486889999998
339,BLP,048,47,5,105,258,173.81252369999993
340,BLP,067,3,0,15,22,35.27419469999999
341,BLP,095,9,1,20,36,58.354841699999966
342,BLP,324,10,1,19,45,26.934215400000014
343,BLP,328,10,2,23,31,28.74193739999999
344,BLR,004,14,2,50,10,8.110883700000006
345,BLR,025,8,5,27,9,3.629030300000001
346,BLR,095,36,4,82,61,40.06451849999995
347,BLR,304,150,13,404,245,79.3064568999994
348,BLR,324,100,5,206,258,147.64989589999962
349,BLT,003,0,0,0,1,1.3790322000000002
350,BLT,004,6,3,18,8,5.570562400000004
351,BLT,025,0,1,0,2,0.3629031
352,BLU,031,0,0,3,4,2.0322577
353,BLU,051,0,0,1,9,33.0
354,BLY,004,5,1,19,11,4.4153204000000015
355,BLY,025,2,2,11,5,2.249999
356,BLY,095,33,0,52,44,52.161292199999984
357,BLY,304,88,7,194,171,58.79032649999973
358,BLY,324,84,4,142,235,156.12394649999985
359,BM2,051,3,0,21,0,13.0
360,BM3,308,0,0,1,0,0.3483871
361,BM4,003,1,0,1,0,0.0725806
362,BM5,003,1,0,2,0,0.1451612
363,BM6,051,1,0,0,0,0.5
364,BM7,003,0,0,3,0,0.362903
365,BMC,031,3,1,3,0,0.9435484000000001
366,BMC,049,1,0,6,1,1.8333700000000004
367,BMC,051,0,0,1,2,2.0
368,BMG,004,9,1,43,22,9.943544200000007
369,BMG,049,12,1,29,6,11.000219999999995
370,BMG,051,7,4,44,22,69.0
371,BMG,095,0,0,4,3,5.2258067
372,BML,025,2,1,2,0,0.4354838
373,BML,095,10,0,27,22,24.677420199999982
374,BML,304,29,5,94,48,19.741936799999966
375,BML,324,55,5,107,110,58.31020760000013
376,BN7,046,1,0,2,0,0.3326613
377,BNA,025,1168,55,2928,3297,1553.9147200001037
378,BNA,031,243,14,660,813,500.96053529999705
379,BNC,049,1,0,13,1,3.1667300000000003
380,BNC,051,2,0,14,3,9.5
381,BNC,095,1,0,1,0,0.0967742
382,BNC,410,1,0,6,0,0.6435485000000001
383,BNC,445,2,0,24,2,2.8790331999999994
384,BNL,051,0,0,1,0,0.5
385,BNL,410,1,0,0,0,0.0
386,BNV,049,14,0,45,17,19.333719999999992
387,BNV,051,50,5,172,152,314.0
388,BNV,410,31,0,73,80,45.071376300000004
389,BNY,049,0,0,2,0,0.33334
390,BNY,051,2,0,0,0,0.0
391,BOB,025,0,2,13,10,15.895160099999998
392,BOB,031,1,0,0,0,0.0
393,BOB,040,1,1,7,1,2.5161291000000006
394,BOS,004,18,0,63,28,11.104833500000014
395,BOS,049,1,0,0,0,0.0
396,BP1,003,3,0,6,5,2.8306442000000005
397,BP1,004,109,5,497,369,213.7922709000009
398,BP1,029,1,0,0,0,0.0
399,BP1,031,7,1,12,5,7.330644100000001
400,BP1,049,144,9,459,673,749.3483199999945
401,BP1,051,158,15,380,1100,3444.0
402,BP1,067,24,1,116,72,61.07662019999996
403,BP1,095,13,1,32,30,39.1935508
404,BP1,324,1,0,5,4,11.151713
405,BP2,049,0,0,0,1,0.33334
406,BP2,308,1,0,0,0,0.0
407,BP3,004,30,1,92,67,31.572566999999943
408,BP3,049,10,0,37,19,18.66703999999999
409,BP3,051,17,2,22,34,74.5
410,BP5,004,1,3,0,0,-0.21774179999999999
411,BP5,049,0,1,0,0,-0.16667
412,BP5,051,0,2,2,0,-0.5
413,BP5,067,1,0,0,0,0.5443548
414,BP7,004,0,0,12,0,0.8709671999999999
415,BP7,049,1,0,15,0,3.0000599999999995
416,BP7,051,0,0,11,0,5.5
417,BPA,051,0,0,1,0,0.5
418,BPC,049,1,0,0,0,0.0
419,BPG,031,11,1,22,8,5.879030300000001
420,BPG,049,5,0,27,13,12.166909999999994
421,BPG,051,1,2,11,3,8.0
422,BPG,095,1,0,1,0,0.0967742
423,BPK,031,5,0,32,2,16.8387085
424,BPK,049,5,0,39,1,8.500169999999997
425,BPK,051,2,0,16,4,16.0
426,BPK,308,1,0,0,0,0.0
427,BPP,031,3,0,6,2,1.1612898999999999
428,BPP,049,2,0,16,1,3.8334099999999998
429,BPP,051,1,0,7,2,11.0
430,BPP,095,1,0,0,0,0.0
431,BPQ,049,0,0,3,0,0.5000100000000001
432,BPQ,051,1,0,0,0,0.0
433,BPQ,095,1,0,2,0,0.48387100000000005
434,BQA,049,2,0,9,0,2.0000400000000003
435,BQA,051,0,0,8,8,33.0
436,BQA,095,2,0,12,9,34.2580661
437,BR2,051,0,0,1,0,0.5
438,BR4,004,5,2,0,0,-0.1451612
439,BR4,049,1,0,0,0,0.0
440,BR4,051,1,2,6,1,3.5
441,BR4,285,1,0,0,0,0.0
442,BR5,049,0,0,4,1,0.83335
443,BR5,051,2,0,5,0,3.0
444,BR5,410,2,0,1,0,0.0919355
445,BR7,049,0,0,1,0,0.16667
446,BR9,005,1,0,0,0,0.0
447,BRG,051,0,0,0,1,6.0
448,BRI,031,0,0,1,0,0.0725806
449,BRP,004,212,1,829,666,261.90713130000086
450,BRP,049,135,2,746,574,514.6769600000058
451,BRP,051,81,12,497,344,822.5
452,BS7,025,0,0,1,0,0.0725806
453,BS8,051,1,0,0,0,0.0
454,BS9,004,3,2,4,0,0.1451612
455,BS9,049,2,0,11,1,2.1667100000000006
456,BS9,051,0,0,13,0,8.5
457,BSF,003,415,51,796,1877,1099.3908066000124
458,BSF,004,869,82,1401,4121,2502.818847100118
459,BSF,025,64,14,99,240,134.26811119999982
460,BSF,029,88,15,205,450,364.30638749999997
461,BSF,048,8,1,1,0,-0.16330640000000002
462,BSF,056,38,5,89,226,416.3407110999999
463,BSF,067,43,10,73,177,112.66634779999977
464,BSF,073,2,0,0,0,0.0
465,BSH,003,202,15,368,1344,1408.9715657000086
466,BSH,004,361,14,538,3195,4838.080139400092
467,BSH,006,37,1,39,143,125.20159199999985
468,BSH,017,1,1,5,59,153.09678089999994
469,BSH,025,258,26,357,1971,3026.1953079000155
470,BSH,029,49,5,68,282,528.1693149999995
471,BSH,031,47,1,44,264,268.9838315999999
472,BSH,040,168,18,197,1654,3500.9034062999913
473,BSH,048,23,4,46,195,221.1713907
474,BSH,051,71,4,99,613,3316.0
475,BSH,056,366,26,562,3256,5958.005762300041
476,BSH,067,41,13,91,306,523.5060686999999
477,BSH,095,18,2,30,212,478.2580880000004
478,BSH,163,28,1,62,321,635.2983443999998
479,BSH,324,54,4,76,337,541.8031081000009
480,BSH,326,0,0,0,6,11.8132544
481,BSS,003,2,0,3,2,0.5806449
482,BSS,004,2,0,0,1,0.21774179999999999
483,BSX,003,45,2,167,122,55.16126770000004
484,BSX,004,213,12,637,546,246.6500996000011
485,BSX,051,75,2,117,496,1128.5
486,BTB,049,0,0,1,0,0.16667
487,BTQ,046,0,0,0,1,0.1330646
488,BTQ,051,0,0,1,0,0.5
489,BUC,051,0,0,0,1,2.5
490,BUD,003,1380,52,2460,11660,17499.34935099921
491,BUD,004,5690,144,8786,41559,43897.47265208817
492,BUD,005,3573,87,5378,37887,65588.7470240916
493,BUD,006,158,3,244,1053,1292.9635509000038
494,BUD,017,22,0,46,161,177.48388169999967
495,BUD,019,19,4,29,138,142.19757909999998
496,BUD,020,9,0,11,62,80.74596779999997
497,BUD,025,715,96,1021,4829,6990.870400199968
498,BUD,028,73,9,81,352,343.4886217
499,BUD,029,753,109,1205,5211,9349.813883399936
500,BUD,031,181,18,303,1194,1329.042172600006
501,BUD,040,326,36,377,2345,4741.423609799999
502,BUD,042,46,2,48,211,289.5816313999999
503,BUD,048,448,13,836,4212,7975.457978100101
504,BUD,049,676,54,1102,4687,6483.129659999938
505,BUD,051,1349,99,1781,16213,71844.5
506,BUD,052,84,3,118,328,547.0
507,BUD,056,399,49,573,2594,5226.495727900006
508,BUD,065,54,15,61,247,831.6088938000012
509,BUD,067,241,54,309,1739,3098.3166186999974
510,BUD,073,244,16,399,3123,6158.851815699943
511,BUD,077,3,0,0,0,0.0
512,BUD,095,50,3,64,263,528.4838996000012
513,BUD,101,1343,27,2571,12270,24501.491442499166
514,BUD,107,1,0,3,12,66.38709759999998
515,BUD,112,250,20,355,1140,2058.7258972000236
516,BUD,121,41,2,60,195,763.1854800000003
517,BUD,123,75,7,153,697,1895.0323352000064
518,BUD,163,22,6,34,126,335.90321450000016
519,BUD,225,19,3,20,98,130.82661109999992
520,BUD,275,7,0,19,55,113.46774639999994
521,BUD,283,24,1,34,237,410.0353065
522,BUD,285,40,6,65,394,1019.9394740999985
523,BUD,304,39,4,61,186,188.70968900000028
524,BUD,324,248,10,346,1866,3699.9618417999886
525,BUD,326,6,2,22,108,164.5350134
526,BUD,328,258,31,465,1224,1477.6371802000197
527,BUD,331,1,0,18,6,5.8669359000000005
528,BUD,352,0,0,0,2,8.618951599999999
529,BUD,355,2,0,0,2,1.0645162
530,BUD,360,20,0,0,0,0.0
531,BUD,367,20,1,19,95,316.6330658000001
532,BUD,374,423,57,947,2056,2450.8388500000333
533,BUD,375,205,24,532,1207,1585.375091699999
534,BUD,402,360,64,500,1830,2457.213844100016
535,BUD,455,0,0,0,1,3.0
536,BUD,463,93,9,132,394,570.4838979000028
537,BUO,051,14,0,8,24,52.0
538,BUO,095,0,0,1,0,0.0967742
539,BUO,285,1,0,7,1,1.2701611999999998
540,BVP,004,6,0,16,4,2.685482500000001
541,BVP,049,2,0,14,9,10.666879999999999
542,BVP,051,4,0,2,0,1.5
543,BWA,004,6,0,16,9,3.9193533
544,BWA,049,7,1,72,13,24.00047999999999
545,BWA,051,13,1,54,19,96.5
546,BWS,003,246,31,387,1154,869.800211100004
547,BWS,004,385,35,656,2347,2720.388740400052
548,BWS,005,124,16,200,1396,4112.464528800028
549,BWS,025,27,5,42,97,86.18950429999997
550,BWS,029,55,14,105,299,294.87697179999975
551,BWS,048,61,4,91,433,368.0383527000001
552,BWS,051,38,2,99,648,4375.0
553,BWS,056,23,7,48,114,175.10079850000008
554,BWS,067,11,2,27,59,45.78024879999999
555,BWS,073,26,10,54,155,128.49194329999995
556,BWS,101,0,1,0,0,-0.1451613
557,BWS,324,0,1,4,11,16.538556099999997
558,BWS,328,29,11,46,89,204.38710399999974
559,BWS,375,0,1,3,16,50.887097299999986
560,BYR,004,1,0,21,8,2.9758047999999993
561,BYR,025,0,0,10,3,1.5967737000000002
562,BYR,095,10,1,48,17,32.22580749999999
563,BYR,304,42,2,114,74,24.338711299999932
564,BYR,324,52,1,122,140,75.79382270000006
565,CBS,025,1,0,3,0,0.2903225
566,CBS,031,4,0,8,0,0.7258061
567,CBS,095,5,1,2,0,-0.09677419999999998
568,CCC,004,33,2,43,36,14.806445100000012
569,CCC,025,17,2,32,30,12.774189000000007
570,CCC,031,109,25,327,206,96.9253661999995
571,CCC,095,42,2,110,67,49.83871259999989
572,CHB,031,35,4,52,78,40.064502899999965
573,CHB,095,92,5,147,260,149.9959776999994
574,CHB,304,3,0,7,6,1.3548388000000002
575,CHB,324,89,1,138,279,158.10856639999946
576,CHB,326,7,0,2,13,7.1824569
577,CHE,324,17,1,29,54,30.80896040000002
578,CHL,031,311,14,561,1384,732.1177046000022
579,CHL,095,616,21,1042,2656,1523.58477800008
580,CHL,304,12,1,39,32,12.241936299999985
581,CHL,324,128,4,232,679,415.63116730000104
582,CHL,326,6,0,7,17,12.7583125
583,CHP,324,58,2,77,197,108.58741090000004
584,CLG,049,337,21,1060,672,636.5127300000005
585,CLG,051,95,12,339,196,541.0
586,CLG,060,1483,74,5262,2209,1118.5307707000807
587,CLG,061,783,45,2885,929,553.3183261999868
588,CLG,312,13,0,83,4,6.586695200000008
589,CLG,468,4,0,87,6,7.324090899999989
590,CMB,095,0,0,4,1,1.7419356000000001
591,COB,003,1,0,17,2,2.1774187
592,COC,004,6,0,32,3,3.120966100000001
593,COC,049,1,0,51,6,12.833589999999996
594,COC,051,2,1,26,6,20.0
595,CRR,094,2,0,0,0,0.0
596,DAC,049,1,0,53,1,9.500189999999996
597,DAK,049,0,0,16,0,3.0000600000000004
598,DAK,051,0,0,11,0,5.5
599,DB2,004,6,1,37,9,5.733868300000005
600,DB2,049,11,3,51,9,13.166929999999994
601,DB2,051,3,0,14,8,33.0
602,DB2,093,4,0,5,0,0.6804435
603,DB2,285,3,0,3,3,0.9979837999999999
604,DB3,049,0,0,12,0,2.3333800000000005
605,DB7,051,0,0,4,1,41.0
606,DBB,049,1,0,4,0,0.66668
607,DBE,003,0,0,2,2,1.0887092
608,DBE,004,41,1,94,148,57.2661054
609,DBE,049,12,0,67,65,100.33534000000004
610,DBE,051,7,1,48,63,213.0
611,DBE,065,8,0,9,23,17.129033399999997
612,DBI,004,5,0,27,9,4.645159200000001
613,DBI,049,4,1,7,0,1.0000200000000001
614,DBI,051,1,0,11,1,7.0
615,DBM,004,1,0,0,0,0.0
616,DBM,049,0,0,0,1,0.33334
617,DBM,051,0,0,1,0,0.5
618,DBO,004,22,0,10,0,1.3790316
619,DBO,049,12,0,29,1,7.000139999999997
620,DBO,051,20,1,11,0,11.0
621,DBQ,031,12,1,28,20,16.5483832
622,DBQ,049,4,1,21,11,19.16705
623,DBQ,051,2,0,15,11,35.0
624,DBR,049,1,0,0,0,0.0
625,DBS,004,8,0,45,30,11.540317600000012
626,DBS,049,7,0,40,33,39.83413
627,DBS,051,4,0,12,17,37.5
628,DBV,005,1,0,22,11,8.129030000000004
629,DBV,025,2,0,0,0,0.0
630,DBV,049,128,3,286,896,1126.3558599999967
631,DBV,051,1,0,0,1,1.5
632,DBV,065,26,2,37,76,70.06452069999996
633,DBV,285,10,1,37,24,19.778224500000007
634,DBX,031,6,0,26,17,6.314513100000002
635,DBX,049,3,1,17,2,3.3333999999999993
636,DBX,051,1,0,10,2,9.0
637,DBZ,004,13,0,96,21,11.975800700000018
638,DBZ,049,17,0,69,9,18.33369999999999
639,DBZ,051,6,0,31,9,30.5
640,DEB,049,1,0,36,2,8.166829999999997
641,DEB,051,2,0,2,1,2.5
642,DEG,051,2,0,8,0,6.0
643,DEG,065,0,0,0,1,11.225806500000001
644,DER,051,1,0,6,2,14.0
645,DER,065,2,0,1,0,0.483871
646,DG2,031,5,1,15,16,8.782255600000001
647,DG2,049,11,1,42,40,77.83489000000004
648,DG2,051,7,0,24,20,74.0
649,DG3,049,1,0,1,0,0.16667
650,DG3,051,0,0,2,0,1.0
651,DG3,095,1,0,0,0,0.0
652,DG9,031,23,1,61,22,13.35483390000001
653,DG9,049,37,1,159,111,109.33552
654,DG9,051,23,0,110,88,241.0
655,DGD,031,8,1,17,34,23.080640600000002
656,DGD,049,20,0,56,81,89.33512000000005
657,DGD,051,23,3,46,100,288.0
658,DGE,049,42,4,35,84,74.83483000000011
659,DGE,051,3,0,7,6,16.5
660,DGF,051,4,3,10,77,443.5
661,DGG,051,3,0,5,4,9.0
662,DGH,051,4,1,2,1,2.0
663,DGI,051,6,0,10,144,524.5
664,DGK,051,0,0,5,77,287.0
665,DGL,049,1,0,10,3,7.833489999999999
666,DGL,051,2,0,7,3,12.0
667,DGO,031,2,0,12,9,4.4999988
668,DGO,049,0,0,5,0,1.1666900000000002
669,DGO,051,0,0,8,2,6.5
670,DGU,031,16,0,27,27,12.629028300000007
671,DGU,049,25,4,87,43,62.33458000000014
672,DGU,051,16,2,54,90,251.0
673,DGU,095,2,0,0,0,0.0
674,DGV,049,4,0,44,5,10.166869999999996
675,DGV,051,1,0,3,0,2.0
676,DGV,389,1,0,5,0,0.3638485
677,DGW,029,1,0,1,0,5.4435484
678,DGW,031,4,0,2,0,0.5080643
679,DGW,049,1,0,13,7,8.3335
680,DGW,051,1,0,14,4,11.5
681,DGW,093,2,0,1,2,0.8165321999999999
682,DGW,285,1,0,8,1,0.9072579999999999
683,DHS,049,1,0,0,0,0.0
684,DKF,049,3,0,30,0,5.166769999999999
685,DKF,051,0,0,5,1,3.0
686,DLK,051,0,0,1,0,1.0
687,DOM,049,1,0,8,0,2.33338
688,DOM,051,0,0,8,0,4.0
689,DOP,049,0,0,1,0,0.16667
690,DPH,004,1,0,0,0,0.0
691,DPH,049,0,0,2,0,0.5000100000000001
692,DPL,004,0,3,3,1,0.1451612
693,DPL,049,6,1,6,1,1.0000200000000001
694,DPL,051,4,0,11,0,6.5
695,DQ1,003,1,0,0,0,0.0
696,DQ2,003,1,0,1,1,0.5806449
697,DQ3,003,0,0,1,0,0.0725806
698,DSO,051,0,0,2,0,3.0
699,DSP,049,0,0,1,0,0.16667
700,DTC,049,7,0,55,3,11.166889999999995
701,DTC,051,0,0,17,0,8.5
702,DTI,049,1,0,9,1,2.6667199999999998
703,DTI,051,0,0,3,0,1.5
704,DTW,004,1,0,23,6,3.1935467000000024
705,DTW,049,3,0,12,2,3.6667400000000003
706,DTW,051,2,0,5,2,5.0
707,DUK,049,1,0,8,0,1.3333600000000003
708,DV3,049,4,0,92,4,17.16700999999999
709,DV3,051,0,0,1,0,0.5
710,DV4,049,0,0,1,0,0.16667
711,DVG,049,0,1,1,0,0.0
712,DVL,003,6,0,56,24,19.959672099999985
713,DVL,004,162,3,330,600,266.51603540000036
714,DVL,025,9,0,8,3,4.790322
715,DVL,051,113,4,198,940,2990.0
716,E01,046,0,0,4,0,0.1552398
717,E01,049,1,0,21,1,3.8334099999999998
718,E01,051,0,0,3,0,1.5
719,E8G,049,1,0,25,0,4.333419999999999
720,EAB,049,3,0,10,0,1.6667000000000005
721,EAD,049,2,3,8,0,0.83335
722,EAJ,046,4,0,6,17,6.054436800000001
723,EAJ,049,3,0,10,5,4.66676
724,EAJ,051,5,0,25,10,31.0
725,EAM,049,1,0,2,0,0.33334
726,EBF,049,1,0,0,0,0.0
727,EBI,004,0,0,2,0,0.1451612
728,EBI,049,0,0,1,0,0.50001
729,EBO,049,2,0,18,0,3.1667300000000003
730,EBW,004,43,0,357,33,44.41933719999998
731,EBW,005,1,0,13,5,2.1048378000000003
732,EBW,031,2,0,22,5,2.758063400000001
733,EBW,046,5,0,5,2,0.7983874
734,EBW,049,30,0,423,68,112.50225000000006
735,EBW,051,16,1,251,60,231.5
736,EDG,004,57,2,137,120,49.28223699999993
737,EDG,025,10,0,11,11,4.8629012000000005
738,EDG,031,13,1,58,19,9.72580190000001
739,EDG,049,43,0,156,57,80.33494000000013
740,EDG,051,33,1,148,105,317.0
741,EDG,095,10,0,30,21,19.258065299999988
742,EDK,046,6,0,18,4,2.6612916999999996
743,EDK,049,13,0,87,3,30.83394999999999
744,EDK,051,2,0,20,1,12.0
745,EDM,046,1,0,0,0,0.0
746,EDM,049,1,0,9,0,1.8333700000000004
747,EDM,051,1,0,2,0,1.0
748,EDS,046,9,0,24,9,3.6592762999999997
749,EDS,049,20,2,98,60,51.50103000000014
750,EDS,051,19,1,96,43,114.0
751,EF5,046,1,0,1,0,0.0665323
752,EF7,046,1,0,4,1,0.3991938
753,EF7,049,0,0,2,0,0.33334
754,EF8,046,1,0,8,1,0.5488915
755,EF8,049,4,0,60,5,12.333579999999994
756,EFX,046,0,0,4,0,0.2661292
757,EFX,049,0,0,10,0,1.6667000000000005
758,EGF,049,2,0,24,1,5.000099999999999
759,EGF,051,0,0,1,0,0.5
760,EGP,046,10,1,22,1,2.3951626
761,EGP,049,24,0,131,3,39.16745000000007
762,EGP,051,10,0,28,1,17.0
763,EHS,004,0,0,0,1,0.1451612
764,EII,004,10,0,2,0,0.1451612
765,EII,049,2,0,1,0,0.33334
766,EII,051,0,2,2,1,2.0
767,EKA,046,0,0,1,0,0.0665323
768,EKA,049,0,0,2,0,0.33334
769,EKA,051,1,0,6,1,4.5
770,EL1,031,0,0,0,1,0.0725806
771,EL1,049,1,0,0,0,0.0
772,EL1,051,1,0,0,0,0.0
773,EL2,049,8,2,122,19,31.16728999999998
774,EL2,051,10,0,80,13,61.5
775,EL2,065,8,3,33,9,11.500000699999996
776,EL2,095,9,1,108,30,27.10080829999996
777,ELA,049,1,0,12,0,2.0000400000000007
778,ELG,031,1,0,12,2,2.1048381999999997
779,ELG,049,4,0,18,0,3.5000699999999996
780,ELG,051,1,0,17,0,9.5
781,ELI,003,3,0,11,5,3.3387087000000015
782,ELI,004,14,2,22,42,28.233865699999978
783,ELI,005,0,0,6,3,1.7419351
784,ELI,046,0,0,4,3,0.6653229
785,ELI,049,7,0,19,31,33.16733
786,ELI,051,11,1,35,55,168.5
787,ELI,065,3,0,7,2,2.2258066000000003
788,ELK,051,2,0,15,0,9.5
789,ELR,051,1,0,14,0,7.5
790,ELT,046,16,1,31,3,3.8588726999999996
791,ELT,049,37,1,122,5,28.000559999999982
792,ELT,051,12,0,64,1,36.0
793,ELY,049,0,0,7,0,1.1666900000000002
794,ELZ,046,1,0,1,1,0.5987905
795,ELZ,049,0,0,2,0,0.33334
796,EMB,004,2,0,5,0,0.9435483
797,EMB,049,2,0,11,0,2.1667100000000006
798,EMB,051,0,0,18,0,9.5
799,EMG,049,0,0,1,0,0.16667
800,EMG,051,1,0,0,0,0.0
801,EMR,003,2,0,6,7,2.7580635999999994
802,EMR,004,14,1,29,38,22.354832299999988
803,EMR,005,1,0,0,1,0.0725806
804,EMR,046,1,0,1,7,1.6633071
805,EMR,049,28,0,42,58,51.83437000000013
806,EMR,051,28,0,77,88,208.0
807,ENE,049,1,0,1,0,0.83335
808,ENE,051,0,0,2,0,1.0
809,ENO,003,0,0,5,0,0.4354837
810,ENO,004,165,5,231,14,34.4757934999999
811,ENO,031,12,0,6,2,2.7580637
812,ENO,046,11,0,26,0,2.8608881000000004
813,ENO,049,189,5,388,46,133.5026700000001
814,ENO,051,174,10,400,64,444.5
815,EPG,049,5,0,20,0,3.50007
816,EPP,049,0,0,2,0,0.33334
817,EPP,051,0,0,5,0,3.0
818,ERQ,049,0,0,1,0,0.16667
819,ES1,049,1,0,7,0,1.1666900000000002
820,ES1,051,0,0,11,0,5.5
821,ES2,051,3,0,5,0,4.0
822,ES3,049,2,0,6,0,1.0000200000000001
823,ES3,051,0,0,2,0,2.5
824,ESD,004,3,0,0,9,1.2338704
825,ESD,005,1,0,0,0,0.0
826,ESD,046,44,1,31,153,51.4959899
827,ESD,049,9,0,33,44,43.33420000000004
828,ESD,051,1,0,37,50,116.5
829,ESF,004,0,0,1,0,0.0725806
830,ESI,003,32,0,100,107,47.90320780000003
831,ESI,004,408,11,1074,1697,773.8787312000089
832,ESI,005,5,0,16,38,17.056446100000006
833,ESI,025,14,0,72,35,28.669347899999956
834,ESI,031,1,0,11,4,2.9758058
835,ESI,049,396,7,1192,2298,2784.7223600000666
836,ESI,051,428,14,1039,3190,9723.0
837,ESL,004,39,7,48,15,11.758060200000008
838,ESL,046,2,0,0,0,0.0665323
839,ESL,049,25,1,47,17,19.000379999999993
840,ESL,051,44,6,65,38,123.0
841,ESN,031,6,0,15,2,1.9596764
842,ESN,049,5,0,14,5,7.00014
843,ESN,051,11,0,29,14,32.5
844,ESP,004,6,1,7,0,0.9435483
845,ESP,049,2,0,18,2,3.50007
846,ESP,051,8,0,27,0,14.5
847,ESR,051,23,2,45,33,86.0
848,ESR,095,5,1,40,11,7.935484399999995
849,ESS,004,1,0,0,0,0.0
850,ESS,046,3,0,5,4,1.2641137000000002
851,ESS,049,2,0,10,4,4.333419999999999
852,ESS,051,2,0,18,4,15.5
853,EST,003,236,9,662,647,385.74528809999856
854,EST,004,847,43,1806,2042,1076.8756827000218
855,EST,025,40,2,112,106,171.72579200000024
856,EST,051,130,18,362,445,1251.0
857,EST,066,0,0,2,0,1.5967742
858,EST,101,2,0,43,16,31.64515829999997
859,EST,370,22,0,27,24,11.032254400000003
860,EST,427,40,0,78,110,80.99998409999993
861,ESV,051,1,0,0,0,0.0
862,EVP,003,2,0,3,2,0.9435479
863,EWE,049,2,0,4,0,0.83335
864,EWS,051,1,0,0,0,0.0
865,EYE,031,30,0,235,57,36.79837159999993
866,EYE,049,41,0,324,109,119.16905000000028
867,EYE,051,14,0,160,50,182.0
868,EYE,127,9,0,4,0,0.3629031
869,EYU,046,0,0,10,4,1.5967749999999998
870,EYU,049,2,0,41,10,12.833589999999996
871,EYU,051,2,0,46,2,26.5
872,EZP,051,2,0,3,2,4.0
873,F72,049,0,0,1,0,0.16667
874,F72,051,0,0,10,3,13.0
875,F8S,004,13,0,18,22,13.645157800000002
876,F8S,049,3,0,6,7,8.00016
877,F8S,051,1,0,3,33,127.5
878,FAA,049,0,0,1,0,0.16667
879,FAL,049,0,0,1,1,0.33334
880,FAW,049,5,2,14,24,42.33418000000003
881,FAW,051,3,0,16,29,106.0
882,FBG,049,1,0,7,0,1.1666900000000002
883,FBG,051,0,0,8,0,6.0
884,FBI,049,0,0,9,0,1.8333700000000004
885,FBI,051,0,0,14,3,16.0
886,FDK,004,4,0,6,2,3.1935480000000007
887,FDK,049,0,0,7,2,2.33338
888,FDK,051,0,0,1,7,28.0
889,FDM,049,0,0,0,4,7.16681
890,FDM,051,0,0,2,5,20.5
891,FFP,049,0,0,7,0,1.5000300000000004
892,FFP,051,0,0,2,0,1.0
893,FGB,049,1,0,7,1,2.16671
894,FGB,051,0,0,5,0,4.0
895,FGR,049,0,0,8,1,1.6667000000000003
896,FGR,051,0,0,4,1,3.5
897,FHB,049,2,0,6,1,2.50005
898,FHB,051,0,0,11,3,18.5
899,FHH,049,0,0,1,2,4.50009
900,FHH,051,0,0,2,4,13.0
901,FHK,003,0,0,5,5,3.7016119999999995
902,FHK,004,18,0,55,92,39.411277200000015
903,FHK,025,0,0,7,7,3.8467733999999996
904,FHK,031,11,0,31,48,29.032249000000004
905,FHK,049,8,0,38,110,192.8371900000003
906,FHK,051,13,1,49,178,595.0
907,FHK,065,3,0,11,12,13.064516899999997
908,FKL,031,3,0,4,3,1.2338705
909,FLL,049,1,0,2,0,0.33334
910,FLL,051,1,0,5,1,9.0
911,FLR,049,0,0,1,0,0.16667
912,FLR,129,1,0,0,3,0.38346749999999996
913,FO2,049,0,1,14,2,3.8334099999999993
914,FO2,051,1,0,0,0,0.0
915,FOC,049,4,0,29,0,6.8334699999999975
916,FOC,051,0,0,26,0,16.0
917,FOL,049,1,0,2,0,0.33334
918,FOL,274,0,0,4,0,0.2044356
919,FOS,049,1,1,7,15,11.666899999999996
920,FOS,051,4,1,11,9,30.5
921,FP6,004,0,0,6,7,4.2096766
922,FP6,049,4,0,16,17,29.833929999999995
923,FP6,051,5,1,17,31,125.0
924,FP6,065,0,0,6,9,8.6129038
925,FP6,285,0,0,11,5,9.254032099999998
926,FP7,049,0,1,1,0,0.0
927,FP9,051,0,0,1,9,40.0
928,FPA,003,2,0,5,0,0.5080642
929,FPA,004,15,0,23,19,10.088706700000005
930,FPA,031,17,1,18,75,43.11288959999998
931,FPA,049,17,2,31,35,39.50079000000001
932,FPA,051,13,4,36,52,148.0
933,FPA,065,2,1,13,12,6.5806455999999995
934,FPD,049,0,0,18,0,3.1667299999999994
935,FPD,051,0,0,5,1,7.0
936,FPF,049,1,1,15,0,3.16673
937,FPG,049,1,0,4,0,0.83335
938,FPG,051,0,0,5,0,2.5
939,FPI,051,1,0,0,0,0.0
940,FPK,049,1,0,18,0,3.16673
941,FPK,051,0,0,17,0,11.5
942,FPO,051,2,0,1,1,3.0
943,FPP,031,19,0,3,0,0.2903224
944,FPP,049,52,2,70,61,82.83499000000005
945,FPP,051,60,0,73,56,229.0
946,FPR,004,3,0,7,14,5.879029999999999
947,FPR,031,2,1,8,5,8.0564511
948,FPR,049,4,1,18,28,30.83394999999999
949,FPR,051,20,2,23,40,133.0
950,FPT,003,2,0,2,4,1.8870959999999999
951,FPT,004,97,2,180,403,226.88702850000016
952,FPT,025,4,0,17,33,24.822575400000005
953,FPT,031,5,1,27,26,20.6128983
954,FPT,049,59,5,103,535,748.3482999999981
955,FPT,051,109,8,116,996,3357.5
956,FPT,095,5,0,17,27,32.41935639999999
957,FPT,101,2,0,3,4,1.2338704
958,FPT,324,1,0,5,0,1.3230845
959,FRJ,049,0,0,2,8,6.50013
960,FRJ,051,4,0,3,18,95.5
961,FSK,025,1,0,2,10,2.249999
962,FSK,031,9,0,16,26,13.282254800000006
963,FSK,049,3,0,10,16,26.667199999999998
964,FSK,051,1,0,8,22,102.0
965,FST,051,0,0,1,0,0.5
966,FWK,049,1,0,9,1,3.0000599999999995
967,FWK,051,0,0,8,1,10.5
968,G14,049,0,0,4,0,0.66668
969,G1S,051,0,0,2,28,71.5
970,G1T,389,1,0,3,0,5.1666457
971,G3B,049,2,0,6,0,1.0000200000000001
972,G3B,389,0,0,1,1,0.21830900000000003
973,G3T,049,0,0,5,0,0.83335
974,G4S,003,2,0,2,3,0.943548
975,G4S,004,14,2,28,20,12.048384500000004
976,G4S,049,4,0,6,1,1.5000300000000002
977,G4S,051,15,0,14,17,50.0
978,G4S,093,2,0,0,0,0.1814516
979,G4S,095,14,1,26,24,18.870968899999998
980,G4S,285,1,0,8,4,3.2661287999999997
981,GAA,051,1,0,45,7,38.0
982,GAB,049,0,0,3,0,0.66668
983,GAG,049,1,1,7,2,1.8333700000000002
984,GAG,051,0,0,1,0,0.5
985,GAH,049,5,0,31,9,11.000219999999997
986,GAH,051,2,0,12,3,12.0
987,GAH,095,14,1,56,30,37.25806659999997
988,GAL,049,1,0,12,1,2.6667199999999998
989,GAL,344,0,0,5,1,0.4889281000000001
990,GAR,003,16,0,22,15,6.241932700000003
991,GAR,004,37,1,49,55,20.104831099999995
992,GAR,049,1,0,2,2,1.50003
993,GAR,051,2,0,1,0,1.0
994,GAR,095,30,2,57,98,75.58064959999992
995,GAU,049,4,0,24,0,6.166789999999999
996,GAU,399,0,0,4,0,0.1564568
997,GAW,049,0,0,1,0,0.16667
998,GAW,051,0,0,2,0,1.0
999,GAX,003,87,3,230,305,162.69249370000014
1000,GAX,004,346,30,967,1099,567.7256153999999
1001,GAX,025,2,0,0,0,0.0
1002,GAX,049,125,9,358,527,456.509130000004
1003,GAX,051,182,19,380,667,2081.0
1004,GAX,093,19,1,11,0,1.2701611999999998
1005,GAX,095,125,4,173,425,431.50002270000283
1006,GAX,285,17,2,126,116,130.2822519000002
1007,GAX,324,3,0,4,1,3.3077114
1008,GB2,049,8,0,193,18,42.334180000000146
1009,GB2,422,23,0,75,6,7.615222399999999
1010,GB3,049,0,0,9,0,1.5000300000000004
1011,GB3,422,6,0,43,2,5.570867599999998
1012,GB4,049,2,0,16,1,5.0001
1013,GB4,422,5,0,9,1,0.5621978000000001
1014,GB5,049,5,0,14,1,2.83339
1015,GB5,422,2,0,17,0,1.2266132
1016,GB6,049,6,0,67,6,16.83366999999999
1017,GB6,422,5,0,22,2,2.0954642
1018,GB7,049,0,0,1,0,0.16667
1019,GB8,049,2,0,15,2,2.83339
1020,GB8,422,3,0,14,0,1.0221777
1021,GB9,049,0,0,1,0,0.16667
1022,GBA,049,2,0,15,0,3.0000600000000004
1023,GBA,422,6,0,4,0,0.2044356
1024,GBB,049,1,0,3,0,0.5000100000000001
1025,GBB,126,0,0,1,0,0.2177419
1026,GBB,422,1,0,1,0,0.0511089
1027,GBC,051,3,0,1,9,29.0
1028,GBF,049,27,2,2102,122,492.3431800000156
1029,GBF,422,43,0,885,43,116.45139720000057
1030,GBG,031,2,0,1,0,0.0725806
1031,GBM,049,0,0,10,0,2.6667199999999993
1032,GBN,046,2,0,0,0,0.0
1033,GBN,049,10,0,1,0,0.16667
1034,GBO,049,16,0,543,32,112.16890999999987
1035,GBO,422,15,0,362,15,29.76658909999983
1036,GBS,046,0,1,0,0,-0.0665323
1037,GBS,049,5,0,123,14,28.333899999999982
1038,GBS,126,1,0,4,0,0.4354837
1039,GBS,422,3,0,61,3,9.778830799999994
1040,GBX,049,17,0,646,27,136.33606000000026
1041,GBX,422,16,0,298,17,39.660487
1042,GC6,422,2,0,2,0,0.5621976
1043,GCA,004,1,0,0,0,0.0
1044,GCB,049,1,0,0,0,0.0
1045,GCD,049,1,0,6,0,1.0000200000000001
1046,GCE,049,7,0,183,16,41.16749000000011
1047,GCE,422,11,0,149,8,13.08387469999996
1048,GCF,051,2,1,22,0,13.0
1049,GCH,049,0,0,3,0,0.5000100000000001
1050,GCN,049,1,1,42,2,8.833509999999997
1051,GCN,399,2,0,11,0,0.8996272999999999
1052,GCS,049,0,0,4,0,0.83335
1053,GCS,126,1,0,0,0,0.0
1054,GCW,031,0,0,5,0,0.5080643
1055,GCW,049,0,0,5,1,1.16669
1056,GCW,051,0,0,4,0,2.5
1057,GD3,031,0,0,1,0,0.2177419
1058,GD3,049,1,0,0,0,0.0
1059,GDB,031,3,0,15,2,2.8306440999999998
1060,GDB,049,0,0,2,0,0.33334
1061,GDB,051,0,0,4,0,2.0
1062,GDD,049,1,0,0,0,0.0
1063,GDM,049,0,0,3,0,0.66668
1064,GDN,031,1,0,0,0,0.0
1065,GEN,049,1,0,2,0,0.33334
1066,GEN,274,0,0,1,0,0.1022177
1067,GES,003,0,1,0,0,-0.1451613
1068,GES,004,2,3,6,1,2.8306451
1069,GES,049,3,0,2,0,3.1667300000000003
1070,GES,051,2,1,5,0,6.5
1071,GES,093,1,1,0,0,0.0
1072,GET,049,0,0,1,0,0.16667
1073,GF8,049,0,0,2,0,0.33334
1074,GFM,285,5,0,52,7,11.068547599999995
1075,GFO,049,0,0,45,2,13.000259999999995
1076,GFP,049,2,0,7,0,1.33336
1077,GFR,049,0,0,7,1,3.1667300000000003
1078,GFS,093,2,0,11,7,3.2207659000000004
1079,GFS,285,1,1,6,2,2.1774191999999997
1080,GG8,049,0,0,3,0,0.5000100000000001
1081,GGL,004,0,0,4,1,1.5241932
1082,GGL,049,16,0,38,92,84.16835000000009
1083,GGL,051,46,1,91,303,1066.5
1084,GGL,095,3,0,5,0,0.8709678000000001
1085,GGP,049,0,0,1,0,0.16667
1086,GGR,049,1,0,28,0,4.833429999999999
1087,GGR,126,1,0,8,1,1.9596770999999997
1088,GGR,399,0,0,3,0,0.1955712
1089,GHA,004,19,4,51,44,26.999992899999974
1090,GHA,049,13,0,43,27,29.500589999999985
1091,GHA,051,5,2,32,23,81.0
1092,GHH,049,0,1,48,2,9.000179999999997
1093,GHH,126,2,0,9,0,0.725806
1094,GHH,399,0,0,5,1,0.3520279
1095,GHL,049,2,0,7,1,3.3334000000000006
1096,GHN,049,1,0,9,0,2.0000400000000003
1097,GHO,049,1,0,4,0,2.6667199999999998
1098,GHR,095,0,0,3,0,0.2903226
1099,GHS,005,0,0,2,0,0.4354838
1100,GHT,049,0,0,2,0,0.33334
1101,GHX,004,2,0,2,0,0.1451612
1102,GHX,049,0,0,10,1,2.0000400000000007
1103,GHX,051,1,0,0,0,0.0
1104,GI6,049,1,0,20,0,3.3333999999999997
1105,GI6,126,1,0,16,4,1.5241926
1106,GIF,004,2,1,1,1,0.0725807
1107,GIF,049,1,0,2,0,0.5000100000000001
1108,GIF,051,0,1,0,0,-0.5
1109,GIJ,049,3,0,11,0,2.0000400000000007
1110,GIJ,344,0,0,4,0,0.39114250000000006
1111,GIK,004,2,1,0,0,-0.0725806
1112,GIK,049,0,0,8,0,1.5000300000000004
1113,GIL,049,0,0,5,1,1.3333600000000003
1114,GIL,344,4,0,7,2,0.8083612000000002
1115,GIN,049,8,0,133,9,28.167229999999982
1116,GIN,126,3,0,49,10,7.7661265000000075
1117,GIS,049,31,1,222,102,108.00216000000006
1118,GIS,051,8,2,45,57,166.5
1119,GIS,126,101,2,228,217,84.51710029999971
1120,GIS,344,1,0,3,2,0.4693710000000001
1121,GIS,399,4,0,6,1,0.5867133999999999
1122,GIV,049,17,0,608,43,131.83596999999986
1123,GIV,422,26,1,471,20,38.82142329999996
1124,GIW,344,0,0,1,0,0.0782285
1125,GJD,004,1,0,2,0,0.1451612
1126,GJD,049,0,0,3,0,0.5000100000000001
1127,GJJ,049,1,0,14,0,2.5000500000000008
1128,GJJ,126,2,0,2,0,0.1451612
1129,GJJ,399,0,0,1,0,0.0391142
1130,GKL,051,1,0,7,1,14.5
1131,GKM,137,1,0,1,0,1.2774194
1132,GLA,031,2,0,11,8,4.862901900000001
1133,GLA,049,3,0,25,4,12.000239999999998
1134,GLA,051,3,1,21,11,28.5
1135,GLB,049,0,0,1,0,1.33336
1136,GLF,004,18,1,42,20,9.653221400000007
1137,GLF,049,9,0,72,16,23.333799999999986
1138,GLF,051,10,0,88,25,92.0
1139,GLF,285,2,0,34,5,7.6209673000000056
1140,GLG,049,0,0,2,0,0.33334
1141,GLM,049,2,0,16,0,2.83339
1142,GLM,126,5,0,9,0,0.725806
1143,GLM,399,0,0,2,0,0.0782284
1144,GLO,049,1,0,12,1,5.1667700000000005
1145,GLO,399,0,0,1,1,0.0912665
1146,GLR,049,0,0,0,1,3.0000600000000004
1147,GLT,049,4,0,32,4,7.166809999999997
1148,GLT,344,0,1,14,2,1.3689987000000001
1149,GLW,049,3,0,38,5,14.500289999999996
1150,GLW,095,9,0,16,7,7.451613299999998
1151,GLY,126,1,0,0,0,0.0
1152,GM3,003,1,0,0,0,0.0
1153,GM8,049,0,0,18,1,6.33346
1154,GMA,031,46,3,100,65,33.133051299999984
1155,GMA,049,35,3,129,41,56.50113000000019
1156,GMA,051,9,2,24,18,40.0
1157,GMB,051,27,1,53,482,1110.5
1158,GMD,004,64,1,216,226,99.29028409999952
1159,GMD,049,22,1,105,63,65.1679700000002
1160,GMD,051,11,0,25,14,72.0
1161,GMD,126,6,0,13,1,1.2338703
1162,GMD,344,0,0,2,0,0.156457
1163,GMG,031,26,1,90,28,21.846767599999975
1164,GMI,031,12,4,26,11,9.870966400000002
1165,GMI,049,12,1,82,13,26.833869999999987
1166,GMI,051,15,2,99,25,135.0
1167,GMO,031,120,8,298,294,169.91123570000013
1168,GMO,051,150,32,320,547,1546.5
1169,GMO,093,32,5,14,8,5.080644800000003
1170,GMO,285,4,2,186,90,59.243947500000104
1171,GMO,324,14,1,26,33,45.92993290000001
1172,GMR,049,2,0,26,1,5.166769999999998
1173,GMR,344,0,0,5,0,0.4693710000000001
1174,GMT,051,0,0,2,0,1.0
1175,GMZ,031,2,0,10,6,2.8306441999999996
1176,GMZ,049,3,0,1,2,2.0000400000000003
1177,GMZ,051,5,2,9,7,15.0
1178,GNI,049,16,0,60,28,41.000820000000054
1179,GNI,051,35,0,125,79,286.5
1180,GNM,049,0,0,0,1,4.16675
1181,GNM,051,3,0,4,5,14.0
1182,GNU,003,2,0,0,0,0.0
1183,GNU,004,6,0,0,0,0.0
1184,GNU,049,1,0,0,0,0.0
1185,GNU,051,1,0,0,0,0.0
1186,GNX,004,0,0,9,0,0.6532254
1187,GNX,031,1,0,9,0,0.6532254
1188,GNX,049,7,0,69,0,13.500269999999993
1189,GNX,051,10,0,263,1,150.5
1190,GNX,095,0,0,1,0,0.0967742
1191,GOB,051,55,7,78,359,1214.5
1192,GOD,049,0,0,22,1,4.33342
1193,GOD,051,2,0,4,3,6.0
1194,GOD,095,2,0,7,5,4.451613200000001
1195,GOK,003,6,1,18,1,3.6290317000000005
1196,GOK,004,78,4,70,6,13.354833800000014
1197,GOK,049,128,4,134,9,55.5011100000002
1198,GOK,051,105,7,110,11,146.5
1199,GOM,004,5,0,14,3,2.2499989000000005
1200,GOM,049,29,0,160,60,66.16799000000027
1201,GOM,051,31,2,203,91,344.5
1202,GOM,095,4,0,23,6,4.451613199999999
1203,GOO,049,8,0,38,0,8.666839999999997
1204,GOO,126,2,0,10,1,1.8145155
1205,GP2,049,0,0,1,0,0.16667
1206,GP8,049,8,0,62,7,15.000299999999994
1207,GP8,422,4,0,53,5,5.928630200000001
1208,GPA,004,16,1,27,30,11.395155500000008
1209,GPA,049,12,1,7,38,35.167369999999984
1210,GPA,051,3,0,5,19,52.0
1211,GPC,031,30,2,67,31,18.870960699999998
1212,GPC,049,27,1,107,37,45.16757000000008
1213,GPC,051,13,0,74,12,60.0
1214,GPF,004,0,1,0,0,-0.0725806
1215,GPJ,126,1,0,0,0,0.0
1216,GPK,003,4,0,85,16,13.93547950000001
1217,GPK,004,29,0,305,63,42.89514379999999
1218,GPK,049,35,0,237,49,67.33468000000035
1219,GPK,051,19,1,364,129,432.0
1220,GPM,051,0,0,1,0,0.5
1221,GPN,049,2,0,1,0,0.33334
1222,GPN,126,0,0,4,0,0.3629031
1223,GPN,344,0,0,1,0,0.0782285
1224,GPO,049,2,0,32,0,8.333499999999999
1225,GPO,051,8,0,19,4,36.0
1226,GPO,095,0,0,24,3,3.967742200000001
1227,GPR,095,0,0,12,2,3.2903227000000004
1228,GPW,031,6,0,17,25,21.9193509
1229,GPW,049,10,0,38,41,75.50151000000005
1230,GPW,051,9,0,20,32,124.5
1231,GPX,003,57,3,211,130,125.67336359999925
1232,GPX,004,757,149,2116,2464,1266.193127800048
1233,GPX,029,1,0,12,3,5.2983867
1234,GPX,031,0,0,1,0,0.0725806
1235,GPX,049,695,49,1423,3929,4183.91701000013
1236,GPX,051,632,42,1201,4019,13022.0
1237,GPX,093,29,1,14,4,3.5383062000000014
1238,GPX,095,136,22,327,466,446.91131450000466
1239,GPX,285,30,4,222,91,124.38507490000029
1240,GPX,324,6,0,7,25,12.758312500000004
1241,GPZ,049,2,0,7,0,4.833429999999999
1242,GR4,031,4,0,1,1,0.21774179999999999
1243,GR4,049,2,0,15,3,4.66676
1244,GR4,051,0,0,1,0,0.5
1245,GR8,031,2,2,5,2,0.7258062999999999
1246,GR8,049,1,0,2,1,0.83335
1247,GR8,051,0,0,1,0,0.5
1248,GRB,049,1,0,0,0,0.0
1249,GRC,049,0,0,6,0,2.00004
1250,GRC,422,0,0,2,0,0.5621976
1251,GRH,031,8,2,1,1,0.21774169999999998
1252,GRH,049,174,17,494,619,712.1809099999967
1253,GRH,051,2,0,2,0,1.0
1254,GRK,049,0,0,1,0,0.16667
1255,GRK,051,0,0,9,2,7.5
1256,GRO,049,2,0,16,0,3.3334
1257,GRO,051,1,0,0,0,0.0
1258,GRP,031,19,1,31,23,9.725802100000008
1259,GRP,049,8,0,6,9,8.666839999999999
1260,GRP,051,6,0,16,1,13.0
1261,GRQ,129,0,0,2,1,0.5368545
1262,GRR,049,0,0,3,0,0.5000100000000001
1263,GRR,422,1,0,0,0,0.0
1264,GRU,049,0,0,3,0,0.66668
1265,GRV,049,3,0,29,2,7.666819999999998
1266,GRV,422,3,0,40,4,4.2420372
1267,GRW,031,74,6,168,257,108.74088759999952
1268,GRW,049,119,7,321,348,356.00712000000254
1269,GRW,051,74,9,199,251,766.0
1270,GRW,093,96,4,23,26,11.023184700000009
1271,GRW,285,18,1,259,301,135.6320471000008
1272,GRW,324,10,0,13,29,32.132051000000004
1273,GRY,049,20,0,339,19,71.33476000000036
1274,GRY,422,10,0,220,11,18.654741799999933
1275,GSC,031,3,0,34,5,4.064514300000003
1276,GSC,049,1,0,47,7,12.000239999999994
1277,GSC,051,1,0,20,3,13.5
1278,GSE,049,1,0,0,0,0.0
1279,GSE,095,0,0,8,1,0.9677420000000002
1280,GSH,049,0,0,3,0,0.5000100000000001
1281,GSI,051,1,0,8,30,301.0
1282,GSN,049,0,0,7,0,1.33336
1283,GSN,051,1,0,17,3,13.5
1284,GSP,049,11,0,55,7,15.166969999999996
1285,GSS,003,1,0,0,0,0.0
1286,GSS,093,1,2,1,0,0.0907258
1287,GSS,285,0,0,1,0,0.2721774
1288,GST,049,2,0,2,0,0.5000100000000001
1289,GST,126,0,0,3,0,0.5080644
1290,GSU,049,4,0,41,1,10.000199999999996
1291,GSX,049,7,0,24,2,8.50017
1292,GTB,049,0,0,1,0,0.16667
1293,GTI,049,0,0,1,0,0.16667
1294,GTI,126,1,0,0,0,0.0
1295,GUP,004,2,0,0,0,0.0
1296,GUP,049,2,0,0,0,0.0
1297,GUP,051,1,0,0,0,0.0
1298,GV4,051,1,3,16,0,11.0
1299,GVG,051,0,0,1,0,7.5
1300,GW6,049,0,0,9,0,1.8333700000000002
1301,GW6,422,1,0,1,0,0.0511089
1302,GWI,049,12,0,278,15,58.83451000000033
1303,GWI,422,21,0,231,10,19.90685879999991
1304,GWW,051,0,0,8,1,9.0
1305,GYR,003,6,1,16,2,6.8951605
1306,HAZ,049,1,0,0,0,0.0
1307,HAZ,051,1,0,0,0,0.0
1308,HBG,129,0,0,1,0,0.1533892
1309,HCN,006,36,0,56,226,447.4596458
1310,HCN,040,3,0,15,28,112.9354851
1311,HCN,324,0,0,0,2,0.5670360000000001
1312,HGH,006,9,1,14,75,108.73990849999993
1313,HGH,025,6,1,14,58,223.83870249999998
1314,HGH,095,22,0,24,54,156.38710139999995
1315,HGH,324,29,1,53,148,282.9447802999999
1316,HGH,326,0,0,3,14,30.336438500000003
1317,HGV,006,1,0,0,4,6.4112900999999995
1318,HGV,095,0,0,0,1,0.7741936
1319,HHL,004,1,0,22,3,2.1048375000000004
1320,HI5,049,0,0,1,0,0.16667
1321,HLG,030,9,0,11,15,15.174193700000002
1322,HLG,049,1,0,5,8,12.16691
1323,HOE,030,371,5,871,1232,447.38452499998857
1324,HOE,137,102,12,213,647,1538.864650899995
1325,HOE,155,45,2,102,86,39.20563490000006
1326,HOE,161,0,0,7,4,2.6321559999999997
1327,HOE,172,49,3,75,135,141.46485429999973
1328,HTH,049,1,2,10,1,2.16671
1329,HTH,051,2,2,5,1,5.5
1330,IBH,025,9,1,10,36,71.7096722
1331,IBH,029,1,1,2,14,32.298384399999996
1332,IBH,040,5,0,3,7,7.0645166
1333,IBH,067,0,0,0,5,4.4637107
1334,IBH,095,0,0,4,10,16.5483875
1335,IBH,324,21,0,33,76,180.79005489999992
1336,IDB,003,134,8,260,843,969.5079196000029
1337,IDB,004,124,5,229,692,501.4232666999986
1338,IDB,006,27,0,36,113,172.01611239999966
1339,IDB,017,5,0,5,11,5.903226199999998
1340,IDB,025,8,2,23,63,70.71168699999997
1341,IDB,040,15,0,20,68,141.09678019999987
1342,IDB,042,8,1,11,51,37.68497439999998
1343,IDB,056,9,2,30,103,301.3004050999997
1344,IDB,067,6,2,8,34,49.42742099999999
1345,IDB,095,5,1,6,60,82.83871389999993
1346,IDB,123,2,0,6,7,8.9032263
1347,IDB,283,17,0,17,72,95.80646190000002
1348,IDB,324,92,1,133,661,4695.910942499993
1349,IDB,326,7,0,10,80,305.63254499999994
1350,IDB,352,1,0,0,0,0.7560484
1351,IND,049,0,0,8,0,1.3333600000000003
1352,IPB,051,5,0,78,0,46.5
1353,IRG,004,12,2,16,33,12.70160790000001
1354,IRG,031,112,20,243,195,113.44048929999947
1355,IRG,095,31,8,94,57,42.87097029999992
1356,KA2,004,48,0,123,148,74.24997249999984
1357,KA2,025,6,0,30,47,27.217733600000006
1358,KA2,031,127,1,231,494,222.74990990000015
1359,KA2,049,83,2,204,617,674.0134799999993
1360,KA2,051,55,3,88,445,1296.5
1361,KA2,052,1,0,0,0,0.0
1362,KA2,412,6,0,6,24,29.74823580000001
1363,KA3,031,27,0,57,67,28.379021099999967
1364,KA3,049,13,0,14,21,18.333699999999993
1365,KA3,051,9,0,12,10,22.0
1366,KA3,052,1,0,0,0,0.0
1367,KA4,031,127,3,279,456,259.4757199000005
1368,KA4,049,138,0,347,839,924.685159999995
1369,KA4,051,1,0,2,1,2.5
1370,KA4,052,2,0,0,0,0.0
1371,KA4,412,6,0,11,43,57.284275099999974
1372,KA5,031,31,0,66,85,38.395146100000055
1373,KA5,049,6,0,22,33,42.834190000000014
1374,KA5,051,11,0,24,37,79.5
1375,KA6,031,33,1,129,93,35.92740129999997
1376,KA6,049,30,6,48,63,49.667660000000076
1377,KA6,051,2,0,11,9,19.5
1378,KA6,412,1,0,2,7,2.3868444
1379,KA7,031,33,0,66,117,37.08869019999997
1380,KA7,049,8,0,19,33,32.50064999999999
1381,KA7,051,7,0,13,16,29.0
1382,KA7,127,2,0,0,0,0.0725806
1383,KA7,308,1,0,0,0,0.0
1384,KA7,412,3,0,6,2,1.1060987
1385,KA8,025,2,0,8,4,2.104838
1386,KA9,025,0,0,1,2,0.5806449
1387,KAB,031,0,0,1,0,0.1451613
1388,KAC,025,1,0,0,0,0.0
1389,KAC,031,22,0,26,21,8.491931000000006
1390,KAC,049,4,0,9,18,12.666919999999998
1391,KAC,051,3,0,10,7,20.5
1392,KAC,412,0,0,4,5,2.8525705
1393,KAD,025,4,0,4,0,1.3064514
1394,KAD,031,41,1,79,10,20.8306394
1395,KAD,049,94,0,79,4,41.834170000000086
1396,KAD,051,48,0,37,2,66.0
1397,KAD,308,1,0,0,0,0.3483871
1398,KAF,031,11,0,9,4,1.7419346
1399,KAF,049,4,0,30,6,8.833509999999997
1400,KAF,051,6,0,15,2,12.0
1401,KAF,052,0,0,9,2,5.25
1402,KAH,049,1,0,1,0,0.16667
1403,KAJ,046,2,0,0,0,0.0
1404,KAJ,049,2,0,1,0,0.16667
1405,KAJ,052,0,0,3,1,1.0
1406,KAK,052,0,0,3,0,0.75
1407,KAS,052,0,0,4,0,1.0
1408,KAT,046,0,0,1,0,0.0665323
1409,KAT,051,0,0,11,2,10.0
1410,KAT,052,2,0,0,0,0.0
1411,KAT,127,3,0,0,0,0.0
1412,KAT,308,0,0,3,0,1.0451613
1413,KAU,025,1,0,0,0,0.1451612
1414,KAU,031,1,0,0,0,0.0
1415,KAU,049,0,0,1,0,0.16667
1416,KAV,031,22,0,26,62,22.645150699999977
1417,KAV,049,6,0,19,15,19.500389999999996
1418,KAV,051,8,0,9,14,26.0
1419,KAX,046,0,0,1,0,0.1995968
1420,KAX,049,0,0,3,0,0.5000100000000001
1421,KAX,052,0,0,5,0,1.25
1422,KAZ,049,0,0,1,0,0.33334
1423,KBA,025,5,0,18,9,4.0645139000000015
1424,KBA,049,4,0,12,12,7.50015
1425,KBA,051,4,1,7,3,11.5
1426,KBA,412,0,0,0,2,0.5821572
1427,KBB,031,2,0,0,0,0.0
1428,KBB,051,0,0,1,0,0.5
1429,KBD,031,21,1,44,74,29.612890699999962
1430,KBD,049,23,1,38,49,42.00084000000003
1431,KBD,051,9,1,15,22,45.5
1432,KBE,031,3,0,0,0,0.0
1433,KBE,049,2,0,2,3,1.8333700000000004
1434,KBE,051,0,0,1,1,1.5
1435,KBI,031,0,0,14,3,2.322579900000001
1436,KBI,049,4,0,59,7,15.833649999999992
1437,KBI,051,2,0,16,2,11.0
1438,KBJ,025,0,0,2,0,0.1451612
1439,KBL,031,10,0,61,0,6.096772000000005
1440,KBL,049,2,0,68,0,14.333619999999993
1441,KBL,051,5,0,0,0,0.0
1442,KBN,003,10,0,29,13,14.298385000000005
1443,KBN,004,1038,17,2062,4465,2450.9027238000317
1444,KBN,025,3,0,8,17,38.322579100000006
1445,KBN,029,0,0,1,1,1.5967741
1446,KBN,031,1,0,2,5,5.8790319
1447,KBN,042,438,4,646,2423,2715.0038638000215
1448,KBN,051,107,3,183,1142,4581.5
1449,KBN,052,76,2,100,474,1069.25
1450,KBN,324,28,0,39,114,105.09071219999996
1451,KCM,006,22,1,49,150,193.4273974999998
1452,KCM,017,5,0,4,18,20.1290335
1453,KCM,031,0,0,1,3,4.7903221
1454,KCM,040,3,0,5,33,89.3225837
1455,KCM,324,10,0,22,38,126.16556959999997
1456,KCS,031,7,0,65,0,6.024190800000005
1457,KCS,049,9,0,95,0,18.66703999999999
1458,KCS,051,1,0,29,0,19.5
1459,KKN,025,4,0,7,8,6.3145141
1460,KKN,040,15,0,19,68,83.03226279999991
1461,KKN,051,19,1,20,186,673.5
1462,KKN,067,1,0,7,7,7.6209683
1463,KKN,268,10,1,21,28,11.96371509999999
1464,KKN,269,0,0,1,15,5.738405799999999
1465,KKN,270,0,0,3,2,1.3911298
1466,KKN,271,10,0,15,54,28.796382199999986
1467,KKN,449,19,1,21,154,103.30377850000009
1468,KKN,450,20,0,43,66,31.732146200000052
1469,KKN,451,12,2,31,43,19.178771100000002
1470,KKN,452,19,0,38,194,110.67893629999983
1471,KLS,004,84,0,240,359,177.31444500000015
1472,KLS,025,19,0,40,56,47.32257119999999
1473,KLS,049,0,0,1,0,0.16667
1474,KLS,051,84,1,203,628,2103.5
1475,KLS,067,1,0,6,5,3.9737912
1476,KLT,004,464,5,875,2165,1314.6166744000138
1477,KLT,042,67,1,98,459,967.4621680000012
1478,LAV,049,0,0,0,3,2.66672
1479,LES,031,1,0,7,0,0.6532256
1480,LFB,030,29,1,78,60,27.774185400000043
1481,LFB,171,1,0,0,0,0.0
1482,LFF,030,132,5,338,385,152.7580167999995
1483,LFF,171,16,0,33,110,194.15711930000003
1484,LHC,127,1,0,1,0,0.0725806
1485,LHP,127,1,0,1,0,0.0725806
1486,LKY,056,0,0,2,8,4.082661
1487,LLS,025,1,0,1,7,4.790321599999999
1488,LPF,031,3,0,14,4,3.0483858999999995
1489,LPF,049,0,0,13,5,5.3334399999999995
1490,LSL,003,235,10,403,725,696.882937400002
1491,LSL,004,686,31,1146,2100,1032.2929816000103
1492,LSL,025,32,3,36,43,39.55644470000002
1493,LSL,029,3,2,12,3,4.7903221
1494,LSL,049,157,12,222,637,963.0192599999955
1495,LSL,051,108,13,132,477,2341.5
1496,LSL,095,97,28,128,368,642.7742189000023
1497,LSL,324,2,0,52,3,5.8593721
1498,LTP,031,1,0,14,5,2.9758052000000004
1499,LTP,049,0,0,13,7,7.6668199999999995
1500,MAB,003,174,5,435,587,278.7912280999995
1501,MAB,004,574,37,1229,1731,666.7013012000023
1502,MAB,049,347,23,587,2932,3829.076580000082
1503,MAB,051,229,12,342,2035,7256.0
1504,MCD,004,1,0,0,0,0.0
1505,MCL,003,287,21,780,1312,879.9070318000072
1506,MCL,004,583,42,1176,2343,1367.0862850000333
1507,MCL,025,11,0,9,30,39.99193239999998
1508,MCL,048,75,2,205,386,199.3427873999998
1509,MCL,051,8,0,7,59,261.0
1510,MCL,052,0,0,1,1,1.75
1511,MCL,056,11,0,28,64,60.96773790000001
1512,MCL,067,12,4,30,60,48.39315260000001
1513,MCL,073,2,0,0,0,0.0
1514,MCL,101,1,0,0,0,0.0
1515,MGD,003,27,2,70,106,74.64917709999999
1516,MGD,025,8,1,15,31,22.0131013
1517,MGD,029,5,1,6,30,31.499997099999998
1518,MGD,101,15,5,20,102,75.15724599999997
1519,MGL,003,132,17,187,1512,3100.6752512000076
1520,MGL,004,329,28,403,2444,2404.496630600054
1521,MGL,025,107,24,98,650,816.2116298000019
1522,MGL,029,55,40,73,310,1076.3860673999998
1523,MGL,031,1,0,0,0,0.0
1524,MGL,040,22,10,42,173,280.8306587999997
1525,MGL,048,10,4,34,246,525.7197624999999
1526,MGL,051,127,11,160,2331,16280.0
1527,MGL,052,25,3,81,72,128.25
1528,MGL,056,4,0,12,30,91.90524090000001
1529,MGL,065,7,5,19,62,211.83871259999995
1530,MGL,067,24,12,33,276,524.9848768999998
1531,MGL,101,101,11,113,1903,6972.275053099977
1532,MGL,374,42,15,47,212,344.5080813999999
1533,MGY,051,2,1,3,0,1.0
1534,MIC,003,121,7,321,523,353.99990859999957
1535,MIC,004,154,18,279,483,343.4515318
1536,MIC,056,1,0,1,14,17.147177100000004
1537,MMC,324,23,1,118,70,54.81349390000004
1538,MNH,004,1,0,1,0,0.0725806
1539,MNT,003,21,1,84,62,33.74998999999996
1540,MNT,004,6,0,1,0,0.0725806
1541,MNT,025,2,1,10,7,8.0564509
1542,MNT,051,35,8,71,112,388.5
1543,MNT,066,6,0,5,10,11.830643799999999
1544,MNT,370,2,0,0,3,2.0322578
1545,MOT,004,38,0,49,5,11.612900600000005
1546,MOT,049,51,2,114,10,53.50107000000012
1547,MOT,051,91,4,134,44,312.0
1548,MPG,003,405,39,1403,1495,1079.3223034000214
1549,MPG,004,866,105,2722,3118,2003.4973855000883
1550,MPG,025,3,0,0,0,0.0
1551,MRF,127,0,0,3,0,0.21774179999999999
1552,MUA,003,40,5,72,163,80.27416889999994
1553,MUA,004,46,7,98,137,79.40320249999982
1554,MUC,003,45,4,127,191,111.62900139999968
1555,MUC,004,499,34,883,2028,1165.2183749000171
1556,MUC,025,62,8,111,178,106.80239179999977
1557,MUC,067,0,0,5,4,2.7217746
1558,MUC,324,2,0,3,3,1.3230841
1559,MUL,003,2082,44,5115,21733,38152.32463709871
1560,MUL,004,5469,108,8166,67683,103220.43346299084
1561,MUL,019,16,0,39,108,291.95564660000014
1562,MUL,020,12,1,18,71,138.38709569999995
1563,MUL,025,515,51,993,2647,4221.743645599993
1564,MUL,029,445,51,1100,2565,5653.623708799922
1565,MUL,031,26,2,36,91,118.52417979999994
1566,MUL,048,465,12,1243,4861,10490.698026200243
1567,MUL,049,807,34,1641,7320,14475.789510000053
1568,MUL,051,834,57,2033,15998,106358.0
1569,MUL,056,156,15,277,865,1848.7196779999863
1570,MUL,067,133,23,534,794,1273.1371559999889
1571,MUL,073,213,2,502,2439,4822.859913899947
1572,MUL,095,113,25,195,736,2138.947656100004
1573,MUL,101,1479,19,3432,18511,41407.45525519913
1574,MUL,112,81,1,122,497,1611.0000531000057
1575,MUL,123,34,10,72,220,452.09679500000067
1576,MUL,275,4,0,11,12,16.016129799999998
1577,MUL,304,8,1,56,72,97.69355269999991
1578,MUL,320,26,1,86,103,281.46773269999983
1579,MUL,324,73,3,172,380,671.0164948000023
1580,MUL,326,10,0,23,23,25.422122399999992
1581,MUL,328,306,33,523,1495,2810.229962300009
1582,MUL,374,232,32,777,1421,3199.9154522999943
1583,MUL,402,187,14,305,780,2087.818627000008
1584,MUL,463,27,4,62,180,871.7419551000006
1585,MWP,003,2,0,25,0,2.032257
1586,MWP,004,3,0,32,0,2.3225792000000007
1587,NDU,004,4,0,26,9,8.4946946
1588,NDU,005,4,0,13,6,3.5576071999999987
1589,NIS,049,11,1,29,18,17.333679999999994
1590,NIS,051,19,3,48,48,118.5
1591,NIS,445,16,3,30,24,9.130647700000003
1592,NPB,275,3,0,1,0,0.1451613
1593,NPG,275,1,0,3,5,0.6774194
1594,NPI,004,4,0,42,21,30.348566499999997
1595,NPI,005,4,0,4,0,0.7260422999999999
1596,NPP,275,1,0,5,1,0.48387100000000005
1597,NPS,049,8,1,13,1,2.6667200000000006
1598,NPS,051,9,1,31,4,25.5
1599,NPS,095,1,0,0,0,0.0
1600,NPS,410,6,1,7,0,1.0112904999999999
1601,NPS,445,3,0,3,3,1.4806456
1602,NRB,324,12,3,36,38,25.705636600000002
1603,NRP,324,12,2,22,36,21.830890699999998
1604,NRT,324,3,0,15,15,9.5451078
1605,NRW,324,12,2,29,47,30.61995150000002
1606,NTD,040,9,0,17,47,185.5161315999999
1607,NTD,095,3,0,2,16,15.0967752
1608,NTD,285,19,1,58,92,206.21974820000028
1609,NTD,324,34,4,75,435,1915.6564323999987
1610,NTD,326,4,0,4,15,19.0902177
1611,NTI,003,1,0,0,0,0.0
1612,NTI,004,1,0,0,0,0.0
1613,NTI,006,17,2,36,112,202.98385739999986
1614,NTI,017,9,0,12,13,17.419355899999996
1615,NTI,025,3,1,3,12,22.0645148
1616,NTI,029,9,1,13,32,90.43548089999999
1617,NTI,031,11,0,13,48,109.2338633
1618,NTI,040,33,2,45,184,352.37904910000054
1619,NTI,056,31,4,66,235,690.1511915999985
1620,NTI,067,12,1,25,75,226.39717940000003
1621,NTI,093,0,1,0,0,-0.0226815
1622,NTI,095,13,3,31,159,398.2258213000005
1623,NTI,163,16,1,27,86,559.5967699
1624,NTI,285,85,8,126,572,1543.0644561999932
1625,NTI,324,79,5,115,514,2475.3968398
1626,OAM,004,934,18,2438,2146,722.9935538000071
1627,OAM,025,30,5,86,54,22.42740849999998
1628,ONA,004,4865,111,14355,11153,4462.3708201010695
1629,ONA,025,128,14,352,292,146.7943013999999
1630,ONA,031,23,5,55,39,21.91934949999999
1631,P18,049,1,0,4,0,0.66668
1632,P18,274,0,0,1,1,0.15332669999999998
1633,PAP,003,0,0,2,1,0.2903224
1634,PAP,004,1,0,12,9,2.903224500000001
1635,PAP,049,2,0,16,20,24.50049
1636,PAP,051,0,0,3,0,1.5
1637,PAW,049,0,0,1,0,0.83335
1638,PB1,051,1,0,0,0,0.0
1639,PB4,051,1,0,0,0,0.0
1640,PBX,051,1,0,0,0,0.0
1641,PFD,171,5,0,12,32,46.0451668
1642,PFD,337,1,0,0,0,0.0
1643,PGF,003,16,0,60,37,18.223658500000017
1644,PGF,004,170,2,263,331,119.4339297000004
1645,PGF,137,61,5,146,565,1672.5678648999944
1646,PGF,337,45,1,74,131,62.5232075999999
1647,PLA,051,3,0,0,4,13.0
1648,PPE,031,27,2,79,55,28.95966529999996
1649,PPS,031,5,0,3,0,0.4354838
1650,PRL,003,10,0,39,47,73.2338659
1651,PRL,004,5,3,16,10,5.5887085
1652,PRL,046,2,0,1,1,14.7701616
1653,PRL,101,2,0,5,6,83.90322629999999
1654,PRL,335,0,0,0,1,16.968145
1655,PRS,003,98,0,183,337,480.99190359999994
1656,PRS,004,98,2,256,355,259.1128559000005
1657,PRS,046,5,0,16,15,32.53427619999999
1658,PRS,051,13,1,13,59,176.5
1659,PRS,101,26,0,54,122,169.47579460000014
1660,PRS,335,5,0,11,15,41.50040209999999
1661,PSE,004,60,1,163,114,43.41731780000017
1662,PSE,171,32,2,63,152,370.66358080000066
1663,PSL,003,6,0,22,18,8.167974499999998
1664,PSL,004,71,3,216,216,96.63621100000026
1665,PSL,137,62,9,114,280,1280.8258698000002
1666,PSO,004,126,2,201,90,72.53161540000019
1667,PSO,005,1,0,0,0,0.0
1668,PSO,137,473,17,271,396,1983.406558499982
1669,RAZ,051,0,1,0,0,-0.5
1670,RBG,004,337,35,1285,823,411.2599072999945
1671,RCK,003,534,13,1142,2677,2014.3059969000512
1672,RCK,004,1005,45,1834,4461,2639.264362100129
1673,RCK,023,45,1,79,230,195.09675430000001
1674,RCK,025,54,3,80,215,293.6612649
1675,RCK,029,12,0,28,59,97.69354059999992
1676,RCK,040,139,11,223,731,1065.2178017000078
1677,RCK,048,66,5,134,378,518.7157483000004
1678,RCK,051,138,15,239,1091,5478.5
1679,RCK,056,59,6,119,386,417.9737659999993
1680,RCK,067,46,6,75,274,401.02623220000015
1681,RCK,095,65,1,114,508,660.2903599000033
1682,RCK,101,84,2,98,407,368.56445899999966
1683,RCK,123,7,0,13,24,32.8064537
1684,RCK,163,42,2,53,481,590.7337991000002
1685,RCK,324,45,1,61,193,239.2892797
1686,RED,274,0,0,2,0,0.2555444
1687,RES,031,0,0,8,0,1.0161288
1688,ROC,095,3,0,12,3,2.2258066000000003
1689,RUB,003,0,1,4,0,0.28427399999999997
1690,RUB,004,3,2,16,0,1.0161284
1691,RUB,049,1,1,2,1,0.33334
1692,RUB,285,1,0,4,2,1.0887095999999998
1693,RUB,324,0,0,2,0,0.189012
1694,SAW,003,1,0,0,0,0.0
1695,SAW,004,1,0,0,0,0.0
1696,SAZ,031,0,0,1,0,0.0725806
1697,SBT,049,0,1,0,0,-0.16667
1698,SCR,031,1,0,1,0,0.0725806
1699,SCR,095,0,0,3,0,0.3870968
1700,SGF,031,4,0,16,0,1.4516123
1701,SGF,095,3,0,8,0,1.8387097000000003
1702,SIP,004,2,0,0,0,0.0725806
1703,SIS,004,1,0,0,0,0.0
1704,SLE,030,35,4,55,105,51.21288970000006
1705,SLE,137,17,0,8,97,202.25808589999977
1706,SLE,155,11,0,5,8,2.8451603999999997
1707,SLM,025,2,0,5,4,1.669354
1708,SLM,095,14,0,26,17,10.354839399999996
1709,SLM,304,20,0,42,35,15.725807499999982
1710,SLM,324,32,2,66,73,43.756284400000055
1711,SMD,049,2,0,9,0,3.66674
1712,SMD,051,1,0,2,0,1.0
1713,SMN,004,2,0,0,0,0.0
1714,SOP,127,1,0,2,0,0.21774179999999999
1715,SOR,003,3,0,9,3,2.0322572
1716,SOR,004,44,2,112,31,21.41128099999997
1717,SOR,049,26,2,57,36,36.33406000000001
1718,SPA,004,880,18,2082,2301,800.0560446000165
1719,SPG,003,38,6,118,106,80.05643199999992
1720,SPG,004,113,10,258,206,102.19350769999939
1721,SPW,049,1,0,0,0,0.0
1722,SRD,049,0,0,3,0,0.5000100000000001
1723,SSC,031,0,1,2,0,0.0725806
1724,SSF,025,236,20,838,442,352.7811607999989
1725,SSF,029,0,0,2,0,0.2903225
1726,SSG,004,1,0,1,0,0.0725806
1727,SSG,031,1,0,1,1,0.5080643
1728,SSG,095,0,1,1,0,0.19354839999999998
1729,SSL,095,1,0,1,0,0.0967742
1730,SSO,004,1,0,0,0,0.0
1731,SSO,031,0,0,2,0,0.3629032
1732,SSS,025,4,0,100,2,17.419350199999993
1733,SSS,029,29,2,101,30,33.45966999999998
1734,SSV,025,0,0,2,0,0.2177419
1735,ST3,003,6,1,4,3,2.0897173
1736,ST5,003,4,0,33,7,5.661288000000002
1737,ST6,072,1,0,0,0,0.0
1738,STA,030,4482,76,8781,27183,17299.90445610058
1739,STA,049,926,37,1952,7188,9284.852359999872
1740,STA,137,1615,83,1979,22906,79677.33467500552
1741,STA,141,0,0,1,0,0.090121
1742,STA,148,4,0,7,1,1.2823339999999999
1743,STA,155,1281,36,3815,5688,4059.223196600021
1744,STA,156,196,32,599,612,685.0741340999961
1745,STA,161,69,5,235,98,128.62498750000006
1746,STA,168,639,14,1729,3802,4185.0795368000045
1747,STA,175,264,8,1331,450,286.8025460999968
1748,STA,236,59,1,196,258,162.56932919999926
1749,STA,295,4,0,0,0,0.0
1750,STA,323,5,0,43,2,2.716228199999999
1751,STA,351,1,0,1,0,0.0766935
1752,STA,361,144,12,118,761,699.1384375999952
1753,STA,365,1,1,1,0,0.0
1754,STA,394,103,8,210,528,858.8528424999985
1755,STA,440,70,6,143,127,143.99998930000007
1756,STA,459,0,0,2,0,0.4645161
1757,STA,460,59,1,238,32,20.93226060000004
1758,STF,003,110,3,260,368,152.34671109999968
1759,STF,004,641,34,1548,2658,1086.864445500025
1760,STF,049,147,15,314,680,659.6798599999994
1761,STF,051,83,11,153,351,846.0
1762,STF,095,29,7,62,96,75.33871369999989
1763,STF,109,2,0,0,0,0.0
1764,STF,126,0,0,1,0,0.0725806
1765,STL,003,0,2,7,2,0.834677
1766,STL,004,30,24,12,10,5.0020155
1767,STL,049,17,12,25,9,14.000279999999995
1768,STL,051,11,5,21,3,24.5
1769,STL,093,1,1,1,0,0.0453629
1770,STL,095,7,2,7,2,1.5000001000000003
1771,STL,285,1,2,5,1,2.7217741999999996
1772,STL,324,0,1,4,1,5.5758565
1773,SUN,049,0,0,1,0,0.16667
1774,SUR,049,0,0,1,0,0.16667
1775,SWA,003,146,11,401,359,175.26404790000007
1776,SWA,004,900,48,2119,2342,997.8292211000238
1777,SWA,025,1,0,0,0,0.0
1778,SWA,049,947,61,1332,6162,7367.647349999883
1779,SWA,051,835,48,931,5888,18982.0
1780,SWA,093,38,2,15,12,9.707660700000002
1781,SWA,095,99,12,164,288,334.16937130000105
1782,SWA,101,17,0,46,39,36.58063839999996
1783,SWA,285,13,4,152,87,93.13003480000015
1784,SWA,324,11,2,25,25,39.4090186
1785,SWS,005,1,0,1,0,0.0725806
1786,T16,046,1,0,2,1,0.2661291
1787,TA1,364,1,0,0,0,0.0
1788,TAC,003,9,1,21,11,6.677417000000001
1789,TAC,004,64,2,125,215,105.09674159999973
1790,TAC,049,54,0,117,301,335.17337000000157
1791,TAC,051,68,3,163,495,1456.0
1792,TAN,051,1,0,6,0,3.5
1793,TAP,004,2,0,2,0,0.2903225
1794,TAP,005,2,0,0,2,0.362903
1795,TAP,031,18,2,23,25,12.411287300000005
1796,TAP,046,8,0,8,11,4.590727600000003
1797,TAP,049,4,1,5,1,2.33338
1798,TAP,051,1,0,20,4,17.5
1799,TB4,031,1,0,14,0,1.088709
1800,TB4,049,0,0,10,3,4.50009
1801,TB4,051,3,0,30,8,55.5
1802,TB5,049,2,0,17,5,6.166789999999999
1803,TB5,051,4,0,32,9,39.0
1804,TB6,049,0,0,7,0,1.1666900000000002
1805,TB6,051,1,0,6,0,3.5
1806,TB7,049,0,0,3,0,0.5000100000000001
1807,TB8,003,0,0,8,1,1.8870963
1808,TB9,051,0,0,2,0,1.5
1809,TBD,049,2,0,1,0,0.16667
1810,TBD,051,17,0,40,2,31.5
1811,TBF,095,1,0,0,0,0.0
1812,TBJ,003,1,0,0,0,0.0
1813,TBJ,004,0,0,2,0,0.1451612
1814,TBJ,031,0,0,2,0,0.2903225
1815,TBJ,049,5,0,9,4,4.00008
1816,TBJ,051,1,0,4,0,4.5
1817,TBM,025,0,0,10,3,1.3790317
1818,TBN,049,2,0,9,3,2.5000500000000003
1819,TBN,051,1,0,33,7,91.5
1820,TBP,004,4,1,15,6,2.8306441000000007
1821,TBP,049,4,0,71,12,19.16704999999999
1822,TBP,051,13,1,93,16,110.0
1823,TBQ,049,3,0,21,1,4.000079999999999
1824,TBQ,051,2,0,56,4,48.5
1825,TBU,025,1,0,0,0,0.0
1826,TBU,031,15,0,39,29,28.37902759999999
1827,TBU,051,20,2,53,62,217.0
1828,TBU,093,15,1,5,2,2.313507900000001
1829,TBU,285,2,0,34,22,31.028224600000026
1830,TBU,324,6,0,18,23,18.334170000000004
1831,TBV,051,0,0,5,0,2.5
1832,TBW,046,1,0,0,0,0.0
1833,TBW,049,0,0,3,0,0.5000100000000001
1834,TBX,025,7,0,31,23,15.096770600000006
1835,TBZ,004,4,1,3,0,0.3629031
1836,TBZ,031,3,0,2,0,0.5080644999999999
1837,TBZ,046,1,0,0,0,0.0
1838,TBZ,049,3,2,8,0,1.0000200000000001
1839,TBZ,051,6,3,16,1,16.0
1840,TC1,049,2,0,27,1,5.666779999999998
1841,TC1,051,1,0,25,0,20.0
1842,TC2,031,86,5,185,275,128.46769299999966
1843,TC2,049,14,2,36,17,18.667039999999993
1844,TC2,051,6,0,22,17,36.0
1845,TC3,051,0,0,10,0,5.5
1846,TCC,049,3,1,7,3,2.33338
1847,TCC,051,9,1,50,17,61.0
1848,TDC,046,1,0,1,2,0.3326615
1849,TDC,049,0,0,3,0,0.5000100000000001
1850,TDC,051,0,0,1,0,0.5
1851,TDD,051,1,0,2,1,3.0
1852,TE1,046,1,0,1,2,0.46572610000000003
1853,TE3,049,1,0,1,1,0.83335
1854,TE3,051,2,0,3,8,21.5
1855,TES,046,0,0,1,0,0.0665323
1856,TFS,049,0,0,1,0,0.16667
1857,TGD,051,0,0,25,0,13.0
1858,TGS,051,2,0,7,3,68.5
1859,TGT,049,0,0,1,0,0.16667
1860,TGT,051,0,0,2,0,1.5
1861,THI,031,0,0,1,0,0.0725806
1862,THI,049,7,0,38,0,7.500149999999997
1863,THI,051,3,1,4,1,4.5
1864,THI,095,2,0,1,2,2.419355
1865,THR,046,0,0,1,0,0.266129
1866,THR,049,0,0,1,0,0.16667
1867,TJP,046,3,0,6,1,0.931452
1868,TJP,049,0,0,5,0,0.83335
1869,TL1,051,0,0,1,0,0.5
1870,TMS,049,4,0,40,8,12.500249999999994
1871,TMS,051,19,0,70,26,122.5
1872,TNR,003,3,0,4,3,1.3064509
1873,TNR,004,28,1,49,37,20.39515409999999
1874,TNR,005,1,0,0,0,0.0
1875,TNR,031,19,2,37,25,22.10080289999999
1876,TNR,049,36,1,86,62,61.33456000000014
1877,TNR,051,37,0,104,75,336.0
1878,TO1,049,0,0,7,0,1.1666900000000002
1879,TO1,051,1,0,3,0,3.0
1880,TO4,051,2,0,0,1,1.5
1881,TOB,049,0,0,1,0,0.33334
1882,TOO,031,8,0,16,8,7.9838699
1883,TOO,049,9,2,39,2,13.833609999999997
1884,TOO,051,11,2,36,30,85.0
1885,TP1,049,0,0,2,0,0.33334
1886,TP1,051,0,0,1,0,0.5
1887,TP3,031,124,11,241,446,227.54024640000014
1888,TP3,049,14,2,51,32,34.33402000000001
1889,TP3,051,17,2,39,61,167.0
1890,TP7,049,0,1,1,9,16.16699
1891,TPL,031,4,0,23,9,6.967740000000004
1892,TPL,049,3,0,18,9,7.000139999999998
1893,TPL,051,11,0,79,29,96.5
1894,TPN,049,0,1,1,0,0.0
1895,TPP,049,1,0,2,0,0.33334
1896,TPS,003,2,0,4,0,0.2903224
1897,TPS,004,2,0,42,9,6.895158800000004
1898,TPS,031,6,0,50,12,12.266126500000002
1899,TPS,046,1,0,5,3,0.7318552
1900,TPS,049,21,0,126,34,37.66742000000004
1901,TPS,051,13,2,235,61,213.0
1902,TPY,049,1,0,0,0,0.0
1903,TPY,129,1,0,0,1,0.0766935
1904,TRB,049,1,0,6,1,2.33338
1905,TRB,129,0,0,2,0,0.1533892
1906,TRB,422,1,0,5,2,0.9710688000000001
1907,TSA,051,0,0,1,0,0.5
1908,TSB,046,4,0,2,1,0.33266150000000005
1909,TSB,049,7,0,18,38,33.834010000000006
1910,TSB,051,14,0,26,52,122.0
1911,TSR,049,0,0,2,0,0.33334
1912,TSR,051,12,0,44,20,106.5
1913,TSS,049,0,0,17,0,3.0000599999999995
1914,TTB,004,0,0,1,0,0.0725806
1915,TTB,031,13,0,39,20,15.096769700000005
1916,TTB,049,9,1,20,13,13.666939999999997
1917,TTB,051,4,3,42,17,62.5
1918,TUR,049,0,0,14,1,2.6667200000000006
1919,TUR,051,1,0,5,0,2.5
1920,VAP,031,42,1,90,108,54.72579460000005
1921,VC8,049,2,0,30,1,5.333439999999999
1922,VC8,422,0,0,5,0,0.2555445
1923,VCH,031,6,0,98,46,27.07257209999996
1924,VCR,031,53,2,127,141,86.29836349999975
1925,VD8,003,0,0,2,0,0.1451612
1926,VFB,049,6,1,24,12,11.666899999999995
1927,VFB,051,3,0,22,10,30.0
1928,VFB,126,3,1,20,11,4.499997800000002
1929,VFC,049,4,0,4,2,1.33336
1930,VFC,051,0,1,1,0,0.0
1931,VFC,126,4,0,15,16,8.201609500000002
1932,VGC,344,0,0,0,1,0.156457
1933,VHO,031,5,0,0,0,0.0
1934,VLL,049,8,0,39,28,38.16743000000001
1935,VLL,051,2,0,0,0,0.0
1936,VLL,137,3,0,10,13,22.567744200000003
1937,VLL,478,0,0,1,0,0.0677419
1938,VLM,031,14,4,54,38,17.49192920000001
1939,VLP,049,1,0,4,4,3.0000600000000004
1940,VLP,344,0,0,1,0,0.156457
1941,VM8,049,0,0,11,1,3.0000599999999995
1942,VM8,422,0,0,4,0,0.2044356
1943,VMA,049,8,0,31,7,11.500229999999997
1944,VMA,051,12,0,40,37,103.0
1945,VMB,031,21,0,47,40,18.943543000000005
1946,VMC,004,16,0,3,0,0.2903224
1947,VMC,049,14,0,96,31,39.83413000000006
1948,VMC,051,6,0,16,5,18.0
1949,VMH,004,7,0,13,16,6.677416800000005
1950,VMH,031,1,0,0,0,0.0
1951,VMH,049,3,1,46,7,11.666899999999995
1952,VMH,051,0,0,23,3,15.0
1953,VMM,049,1,0,32,4,7.000139999999998
1954,VMM,422,1,0,1,2,0.15332669999999998
1955,VMO,031,0,0,2,0,0.798387
1956,VMT,049,5,0,33,7,13.166929999999997
1957,VMT,126,5,0,13,13,5.661288300000001
1958,VMT,344,0,1,1,0,0.0
1959,VOG,004,11,0,19,22,10.524189000000003
1960,VOG,031,38,4,69,46,23.773177499999967
1961,VOL,049,9,0,36,29,33.33400000000001
1962,VOL,137,1,0,13,10,20.864518200000003
1963,VOL,478,1,0,2,0,0.1354838
1964,VPH,049,0,0,3,0,0.5000100000000001
1965,VPH,051,2,0,0,0,0.5
1966,VPR,049,0,0,9,0,2.5000500000000003
1967,VPR,344,2,0,4,1,0.9387420000000002
1968,VRC,031,0,0,2,0,0.1451612
1969,VRC,049,4,0,28,2,7.166809999999998
1970,VRC,051,3,0,8,3,39.0
1971,VRO,049,1,0,45,11,13.333599999999993
1972,VRO,051,13,1,26,21,55.5
1973,VSG,049,1,0,2,1,0.66668
1974,VSI,049,7,0,39,41,72.16811000000007
1975,VSI,051,0,0,2,0,1.0
1976,VSI,137,1,0,13,13,62.16774540000001
1977,VSI,478,1,0,2,0,0.1354838
1978,VSL,049,2,0,26,2,5.500109999999998
1979,VSM,049,4,1,28,23,28.33389999999999
1980,VSM,137,2,0,9,7,13.625808000000003
1981,VST,049,0,0,1,1,0.83335
1982,W09,049,0,0,10,0,1.6667000000000005
1983,W0W,274,0,0,1,0,0.0511089
1984,W10,049,2,0,3,0,1.5000300000000004
1985,W14,049,1,0,0,0,0.33334
1986,W14,274,0,0,3,0,0.15332669999999998
1987,W15,049,0,0,2,0,0.33334
1988,W15,274,1,0,1,0,0.0511089
1989,W18,049,1,0,14,4,4.50009
1990,W18,274,0,0,1,0,0.0511089
1991,W20,049,0,0,1,0,0.16667
1992,W22,049,0,0,6,0,1.0000200000000001
1993,W25,049,0,0,1,0,0.16667
1994,W25,051,0,0,2,0,1.0
1995,W26,049,0,0,6,1,1.1666900000000002
1996,W26,274,0,0,0,1,0.0511089
1997,W2W,274,0,0,1,0,0.0511089
1998,W30,049,0,0,7,1,1.3333600000000003
1999,W30,274,1,0,4,0,0.2044356
2000,W31,031,6,0,4,2,1.0161286999999999
2001,W31,049,6,0,3,0,1.16669
2002,W31,051,2,0,2,0,1.5
2003,W34,049,0,0,1,0,0.16667
2004,W36,049,0,0,1,0,0.16667
2005,W38,049,0,0,3,0,0.5000100000000001
2006,W38,274,0,0,2,0,0.1022178
2007,W39,031,15,0,2,0,0.1451612
2008,W39,049,3,0,5,0,1.0000200000000001
2009,W39,051,1,0,0,0,0.0
2010,W43,049,1,0,6,2,1.3333600000000003
2011,W43,421,2,0,8,1,0.38407299999999994
2012,W44,049,0,0,12,1,2.1667100000000006
2013,W44,421,0,0,6,0,0.2304438
2014,W48,049,3,0,16,2,6.000119999999999
2015,W48,274,0,0,2,0,0.2044354
2016,W4W,274,0,0,1,0,0.0511089
2017,W52,049,0,0,1,0,0.16667
2018,W53,049,0,0,3,0,0.5000100000000001
2019,W53,274,0,0,1,0,0.0511089
2020,W54,049,0,0,1,0,0.16667
2021,W54,421,0,0,3,0,0.11522189999999999
2022,W56,049,1,0,2,1,0.5000100000000001
2023,W56,422,2,0,2,0,0.1022178
2024,W58,049,1,0,5,1,1.1666900000000002
2025,W59,049,0,0,1,1,1.50003
2026,W59,274,0,0,1,1,0.2044356
2027,W5W,031,32,0,90,108,43.40320869999998
2028,W5W,049,27,0,116,64,82.1683100000001
2029,W5W,051,16,0,73,75,190.0
2030,W61,049,0,0,1,0,0.16667
2031,W62,274,0,0,1,0,0.0511089
2032,W67,049,16,0,66,28,37.66742000000002
2033,W67,051,10,0,49,22,60.0
2034,W67,126,18,0,39,31,11.540316600000011
2035,W67,422,1,0,0,0,0.0
2036,W68,049,8,0,141,3,26.000519999999984
2037,W68,051,1,0,11,1,6.5
2038,W68,422,12,0,48,6,3.475404400000001
2039,W69,049,1,0,5,1,2.50005
2040,W69,274,0,0,2,0,0.15332669999999998
2041,W71,049,0,0,5,0,0.83335
2042,W71,274,0,0,8,1,0.511089
2043,W74,049,0,0,5,1,1.0000200000000001
2044,W74,421,0,0,3,0,0.11522189999999999
2045,W75,051,1,0,0,0,0.0
2046,W76,049,0,0,1,0,0.16667
2047,W76,274,0,0,1,0,0.2044355
2048,W78,049,2,0,3,0,0.5000100000000001
2049,W78,274,0,0,1,0,0.0511089
2050,W86,031,19,1,135,69,27.072568699999938
2051,W86,049,16,0,257,56,77.00154000000029
2052,W86,051,1,0,96,41,107.5
2053,W86,126,3,0,16,12,4.3548369000000005
2054,W87,049,0,0,1,0,0.16667
2055,W8B,049,0,0,18,2,3.8334099999999998
2056,W8B,051,1,0,0,1,2.0
2057,W8B,274,0,0,4,0,0.3577622
2058,W8M,049,1,0,4,0,0.83335
2059,W90,049,1,0,2,1,0.66668
2060,W91,049,0,0,1,1,0.33334
2061,W93,049,0,0,1,0,0.16667
2062,W93,274,0,0,1,0,0.0511089
2063,W97,049,0,0,4,0,0.66668
2064,W97,274,0,0,3,1,0.25554449999999995
2065,W98,049,0,0,1,0,0.16667
2066,W99,049,4,0,12,1,2.50005
2067,W99,274,1,0,2,1,0.5621977
2068,W9W,049,1,0,19,1,3.3333999999999997
2069,W9W,274,2,0,4,0,0.2044356
2070,WA1,049,26,0,84,18,34.00068000000001
2071,WA1,051,14,0,42,11,47.5
2072,WA1,095,14,0,41,30,14.903226699999998
2073,WAC,049,3,0,29,1,5.000099999999999
2074,WAC,421,3,0,15,0,0.5761094999999999
2075,WAD,049,1,0,4,1,0.83335
2076,WAD,274,0,0,1,0,0.0511089
2077,WAK,051,0,0,1,0,2.5
2078,WB8,049,3,0,23,3,5.833449999999999
2079,WB8,051,0,0,1,1,1.5
2080,WB8,274,0,0,4,2,0.4088712
2081,WB8,422,0,0,1,0,0.0511089
2082,WB9,049,0,0,2,0,0.33334
2083,WBA,049,0,0,1,0,0.33334
2084,WD6,049,0,0,2,0,0.33334
2085,WD7,049,0,0,2,0,0.33334
2086,WDI,049,0,0,6,0,1.0000200000000001
2087,WEL,049,0,0,2,0,0.33334
2088,WEL,051,1,0,0,2,6.0
2089,WES,049,4,0,10,8,10.166869999999996
2090,WES,051,5,0,14,22,57.0
2091,WF6,049,0,0,1,0,0.16667
2092,WFG,049,1,0,14,4,4.833429999999998
2093,WFG,274,2,0,3,1,0.4599798
2094,WGA,049,0,0,1,0,0.16667
2095,WIL,004,12,2,23,28,11.839712800000006
2096,WIL,031,87,17,230,138,91.40924539999968
2097,WIL,095,27,5,87,33,23.70967899999997
2098,WIW,049,0,0,1,0,0.16667
2099,WJH,049,0,0,1,0,0.16667
2100,WL8,051,1,0,1,2,5.0
2101,WLB,004,1,1,0,0,-0.0181452
2102,WM8,049,1,0,8,0,1.5000300000000004
2103,WM8,274,1,0,2,0,0.2555443
2104,WMA,049,0,0,4,0,0.83335
2105,WMA,274,1,0,2,0,0.15332659999999998
2106,WO6,049,0,0,1,0,0.16667
2107,WO7,274,0,0,1,0,0.0511089
2108,WO8,049,0,0,3,0,0.5000100000000001
2109,WO8,274,0,0,1,0,0.0511089
2110,WPB,051,2,0,5,5,32.5
2111,WRD,049,1,0,4,0,0.66668
2112,WRE,049,1,0,3,0,0.5000100000000001
2113,WRE,274,0,0,4,0,0.2555444
2114,WRG,049,0,0,1,0,0.16667
2115,WS8,049,0,0,2,0,0.33334
2116,WSD,049,0,0,2,0,0.33334
2117,WSN,049,0,0,9,1,1.6667000000000005
2118,WSN,274,0,0,3,0,0.15332669999999998
2119,WSU,049,0,0,2,0,0.33334
2120,WTE,049,2,0,13,0,2.1667100000000006
2121,WTE,274,0,0,9,1,0.6133067
2122,WUR,049,0,0,1,0,0.16667
2123,WVM,049,0,1,0,0,-0.16667
2124,WW8,421,0,0,2,1,0.1536291
2125,WWG,049,0,0,0,4,9.50019
2126,WWH,049,0,0,7,0,1.1666900000000002
2127,WWH,421,0,0,3,0,0.1536291
2128,WWI,049,1,0,35,2,6.8334699999999975
2129,WWI,421,5,1,33,1,1.9971786000000005
2130,WWL,049,12,1,98,6,19.00037999999999
2131,WWL,421,7,0,31,5,1.9971788000000006
2132,WWN,031,22,0,53,71,26.201600399999972
2133,WWN,049,21,1,59,41,44.000880000000045
2134,WWN,051,8,0,45,25,67.5
2135,WWP,049,0,0,14,1,2.8333899999999996
2136,WWP,274,0,0,1,0,0.0511089
2137,WWR,049,3,0,6,1,1.5000300000000004
2138,WWR,274,1,0,1,0,0.0511089
2139,WWS,049,1,0,4,1,1.0000200000000001
2140,WWS,421,0,0,6,2,0.4224803
2141,WWT,049,1,0,14,0,2.5000500000000003
2142,WWT,274,0,0,5,0,0.2555445
2143,WWV,049,2,0,3,0,0.5000100000000001
2144,WWV,274,1,0,5,1,0.35776220000000003
2145,WWX,049,1,0,3,1,0.83335
2146,WWX,422,1,0,1,0,0.0511089
2147,WX6,049,0,0,2,0,0.33334
2148,WX7,049,0,0,6,0,1.0000200000000001
2149,WX7,421,0,0,3,0,0.1536291
2150,ZBK,003,12,0,21,37,20.3951539
2151,ZBK,004,146,0,217,481,232.4031345000003
2152,ZBK,025,3,0,5,0,0.798387
2153,ZBK,031,6,0,9,8,3.7741921000000005
2154,ZBK,040,17,0,20,106,103.9354891999999
2155,ZBK,051,74,0,101,817,4101.5
2156,ZBK,052,2,0,0,0,0.0
2157,ZBK,116,64,0,92,370,566.25
2158,ZBK,324,1,0,0,1,0.3780241
