colnames,Cumulative Feature Importance
BUSNAICS_ECN281_PCT,0.05616914546294092
BUSNAICS_ECN261_PCT,0.06545400639340751
BUSNAICS_ECN223_PCT,0.08601717368648923
BUSNAICS_ECN272_PCT,0.11537581319209303
BUSNAICS_ECN255_PCT,0.05397447226090799
BUSNAICS_ECN253_PCT,0.0945606695533783
BUSNAICS_ECN245_PCT,0.15182460420375002
BUSNAICS_ECN221_PCT,0.14422696997407414
BUSNAICS_ECN248_PCT,0.07101026868430639
BUSNAICS_ECN231_PCT,0.0838424446514104
BUSNAICS_ECN292_PCT,0.08571584135415103
BUSNAICS_ECN256_PCT,0.06407638599805912
BUSNAICS_ECN254_PCT,0.11868480267812967
BUSNAICS_ECN244_PCT,0.09935318835489527
BUSNAICS_ECN252_PCT,0.0762382710773907
BUSNAICS_ECN262_PCT,0.061230528644924384
BUSNAICS_ECN233_PCT,0.08597776349443417
BUSNAICS_ECN211_PCT,0.05676930274887352
BUSNAICS_ECN251_PCT,0.0748314122732003
BUSNAICS_ECN232_PCT,0.10184129473934807
BUSNAICS_ECN271_PCT,0.08808092982658906
BUSNAICS_ECN249_PCT,0.08750456963400936
BUSNAICS_ECN242_PCT,0.1595579486408941
BUSNAICS_ECN222_PCT,0.11298573932369824
