colnames,Feature Importance,Description,dma_name,rtlr_count,present_volume
BUSNAICS_ECN281_PCT,0.0907321117684328,% Other Services (except Public Administration),Seattle-Tacoma WA,3019,656135.2185795002
BUSNAICS_ECN261_PCT,0.08477050125537604,% Educational Services,Albuquerque-Santa Fe NM,679,507377.06062130025
BUSNAICS_ECN223_PCT,0.1121936264083762,% Construction,Gainesville FL,328,126046.38942859998
BUSNAICS_ECN261_PCT,0.1167537473731409,% Educational Services,Tyler-Longview (Lufkin & Nacogdoches) TX,650,278867.74721719977
BUSNAICS_ECN272_PCT,0.09777727730655378,% Accommodation and Food Services,Mobile AL-Pensacola (Ft. Walton Beach) FL,1467,535870.2425847007
BUSNAICS_ECN255_PCT,0.08520943473796196,% Management of Companies and Enterprises,New York NY,10992,2062894.8869349894
BUSNAICS_ECN223_PCT,0.10307421026285715,% Construction,Birmingham (Anniston & Tuscaloosa) AL,1834,615506.1426336988
BUSNAICS_ECN261_PCT,0.0981492821015423,% Educational Services,Sherman TX-Ada OK,424,104500.28104150001
BUSNAICS_ECN253_PCT,0.11848646596117832,% Real Estate and Rental and Leasing,Flint-Saginaw-Bay City MI,1021,377654.86966510065
BUSNAICS_ECN245_PCT,0.16572744616403895,% Retail Trade,Los Angeles CA,9114,2967450.1598742083
BUSNAICS_ECN221_PCT,0.13226637867270813,"% Mining, Quarrying, and Oil and Gas Extraction",Peoria-Bloomington IL,363,176767.16056069994
BUSNAICS_ECN248_PCT,0.10058207263020355,% Transportation and Warehousing,Champaign & Springfield-Decatur IL,592,299852.3430351001
BUSNAICS_ECN231_PCT,0.1320907440113867,% Manufacturing,Richmond-Petersburg VA,1218,314028.9323146997
BUSNAICS_ECN292_PCT,0.15185505428925355,% Public Administration,Madison WI,659,180375.3198973
BUSNAICS_ECN256_PCT,0.10080405315800312,% Administrative and Support and Waste Management and Remediation Services,Idaho Falls-Pocatello ID,260,79807.21056159998
BUSNAICS_ECN223_PCT,0.08888036127113194,% Construction,Lafayette LA,776,238866.7973249001
BUSNAICS_ECN254_PCT,0.15914979168920934,"% Professional, Scientific, and Technical Services",Springfield MO,941,331426.0542779001
BUSNAICS_ECN245_PCT,0.09452144148986268,% Retail Trade,Hartford & New Haven CT,784,251107.52537339999
BUSNAICS_ECN244_PCT,0.09697378912477146,% Retail Trade,Norfolk-Portsmouth-Newport News VA,1226,415567.83908600017
BUSNAICS_ECN252_PCT,0.1401172399370086,% Finance and Insurance,Monroe LA-El Dorado AR,477,187212.49142109996
BUSNAICS_ECN261_PCT,0.20297695970108212,% Educational Services,San Angelo TX,179,57444.74283650004
BUSNAICS_ECN223_PCT,0.09701224705314417,% Construction,Yakima-Pasco-Richland-Kennewick WA,524,152197.76505750007
BUSNAICS_ECN262_PCT,0.0902294590820599,% Health Care and Social Assistance,Minneapolis-St. Paul MN,1667,824559.2981687004
BUSNAICS_ECN252_PCT,0.10604212310451888,% Finance and Insurance,New Orleans LA,1115,369731.3811082998
BUSNAICS_ECN292_PCT,0.08994271512500693,% Public Administration,Memphis TN,1720,615961.6395256001
BUSNAICS_ECN231_PCT,0.09733806449697217,% Manufacturing,Philadelphia PA,1062,742588.7000967996
BUSNAICS_ECN252_PCT,0.11737849969993916,% Finance and Insurance,Las Vegas NV,1141,444806.3029479002
BUSNAICS_ECN256_PCT,0.0964589938183385,% Administrative and Support and Waste Management and Remediation Services,Sioux Falls (Mitchell) SD,735,252016.83885879975
BUSNAICS_ECN244_PCT,0.08394322861591444,% Retail Trade,Albany GA,557,193918.25531640003
BUSNAICS_ECN292_PCT,0.10090256398000982,% Public Administration,Augusta GA,687,276797.57215720025
BUSNAICS_ECN223_PCT,0.08520313974711372,% Construction,Orlando-Daytona Beach-Melbourne FL,3090,1258058.2525729998
BUSNAICS_ECN256_PCT,0.09475785829323216,% Administrative and Support and Waste Management and Remediation Services,Shreveport LA,876,346913.7364245002
BUSNAICS_ECN233_PCT,0.12129733886373242,% Manufacturing,Beaumont-Port Arthur TX,579,174499.1330869001
BUSNAICS_ECN221_PCT,0.12810084941933647,"% Mining, Quarrying, and Oil and Gas Extraction",Eugene OR,511,114669.770246
BUSNAICS_ECN255_PCT,0.13083059978005535,% Management of Companies and Enterprises,Bangor ME,418,120876.26300879997
BUSNAICS_ECN211_PCT,0.11068388641853177,"% Agriculture, Forestry, Fishing and Hunting",San Antonio TX,2063,1018194.915171599
BUSNAICS_ECN231_PCT,0.0855074909637353,% Manufacturing,Amarillo TX,491,195931.33323540003
BUSNAICS_ECN231_PCT,0.11869593326483832,% Manufacturing,Jacksonville FL,1763,666068.4372130998
BUSNAICS_ECN245_PCT,0.08648116565750223,% Retail Trade,Greensboro-High Point-Winston Salem NC,1530,518821.07060030004
BUSNAICS_ECN252_PCT,0.11920110369149424,% Finance and Insurance,Baltimore MD,873,420509.0336462999
BUSNAICS_ECN253_PCT,0.19709571627822636,% Real Estate and Rental and Leasing,Pittsburgh PA,570,500225.2372272999
BUSNAICS_ECN254_PCT,0.0980870432384425,"% Professional, Scientific, and Technical Services",Green Bay-Appleton WI,846,303660.3392688999
BUSNAICS_ECN251_PCT,0.10728208933248692,% Information,Milwaukee WI,1216,267716.5547160002
BUSNAICS_ECN232_PCT,0.2005981178926331,% Manufacturing,Columbia SC,1144,440246.9285351005
BUSNAICS_ECN252_PCT,0.08410563911285981,% Finance and Insurance,Charlotte NC,2301,808305.2724924001
BUSNAICS_ECN233_PCT,0.10491477422077886,% Manufacturing,Ft. Myers-Naples FL,974,461875.67219450005
BUSNAICS_ECN253_PCT,0.1170628012564278,% Real Estate and Rental and Leasing,Chico-Redding CA,444,112215.55564450003
BUSNAICS_ECN253_PCT,0.0835066417474057,% Real Estate and Rental and Leasing,Des Moines-Ames IA,967,358577.5983393997
BUSNAICS_ECN254_PCT,0.18178489854814608,"% Professional, Scientific, and Technical Services",Lima OH,139,67915.95788140003
BUSNAICS_ECN272_PCT,0.3761510322793816,% Accommodation and Food Services,Davenport IA-Rock Island-Moline IL,638,288496.2693915998
BUSNAICS_ECN221_PCT,0.20943782422474982,"% Mining, Quarrying, and Oil and Gas Extraction",Syracuse NY,561,176028.1734667999
BUSNAICS_ECN254_PCT,0.09115806282733337,"% Professional, Scientific, and Technical Services",Lake Charles LA,305,120231.30513709993
BUSNAICS_ECN211_PCT,0.12884414738800154,"% Agriculture, Forestry, Fishing and Hunting",Montgomery (Selma) AL,768,277889.6726054997
BUSNAICS_ECN233_PCT,0.12330639528715695,% Manufacturing,Evansville IN,441,206237.93965019978
BUSNAICS_ECN211_PCT,0.1382727506052452,"% Agriculture, Forestry, Fishing and Hunting",Burlington VT-Plattsburgh NY,951,245250.79071310008
BUSNAICS_ECN248_PCT,0.08680238591943798,% Transportation and Warehousing,El Paso TX (Las Cruces NM),638,452753.4967722995
BUSNAICS_ECN262_PCT,0.2881493862408271,% Health Care and Social Assistance,St. Joseph MO,103,45786.77403189999
BUSNAICS_ECN271_PCT,0.21311451773927598,"% Arts, Entertainment, and Recreation",Traverse City-Cadillac MI,707,253645.03021749988
BUSNAICS_ECN249_PCT,0.10073573364137416,% Transportation and Warehousing,Lubbock TX,342,184584.1569809
BUSNAICS_ECN292_PCT,0.09356648721051487,% Public Administration,Boston MA (Manchester NH),2904,1312304.9446144965
BUSNAICS_ECN272_PCT,0.14142752892913998,% Accommodation and Food Services,Springfield-Holyoke MA,303,148490.2107392999
BUSNAICS_ECN292_PCT,0.1180377154697412,% Public Administration,Louisville KY,1205,445441.9099772999
BUSNAICS_ECN245_PCT,0.14711812441579075,% Retail Trade,Billings MT,205,78255.39915849996
BUSNAICS_ECN253_PCT,0.22155948307457635,% Real Estate and Rental and Leasing,Tulsa OK,1151,367070.75109079987
BUSNAICS_ECN262_PCT,0.11078434038950938,% Health Care and Social Assistance,Wichita-Hutchinson KS,1048,359060.51080550055
BUSNAICS_ECN248_PCT,0.18422806496820832,% Transportation and Warehousing,Missoula MT,76,25901.3042071
BUSNAICS_ECN262_PCT,0.09396050734910828,% Health Care and Social Assistance,Panama City FL,410,190839.45778780003
BUSNAICS_ECN251_PCT,0.16980401575294418,% Information,Sioux City IA,447,153479.92014320014
BUSNAICS_ECN262_PCT,0.21381785424992103,% Health Care and Social Assistance,Charlottesville VA,159,56488.175296999994
BUSNAICS_ECN242_PCT,0.10722686698109732,% Wholesale Trade,Spokane WA,889,268223.11780949985
BUSNAICS_ECN253_PCT,0.13028312154215724,% Real Estate and Rental and Leasing,South Bend-Elkhart IN,442,176717.0947907
BUSNAICS_ECN292_PCT,0.1713588300198068,% Public Administration,Wausau-Rhinelander WI,421,122740.06241849992
BUSNAICS_ECN233_PCT,0.09514769444306967,% Manufacturing,Cedar Rapids-Waterloo-Iowa City & Dubuque IA,756,296304.24713619956
BUSNAICS_ECN254_PCT,0.09771079815010301,"% Professional, Scientific, and Technical Services",Columbia-Jefferson City MO,414,175130.55388340008
BUSNAICS_ECN242_PCT,0.34429250761475494,% Wholesale Trade,Salisbury MD,242,125443.7308837
BUSNAICS_ECN244_PCT,0.09567759834680176,% Retail Trade,Cincinnati OH,1678,616059.3966539005
BUSNAICS_ECN221_PCT,0.38429316058596186,"% Mining, Quarrying, and Oil and Gas Extraction",Twin Falls ID,172,48236.60889760001
BUSNAICS_ECN255_PCT,0.10480943311057692,% Management of Companies and Enterprises,Buffalo NY,874,310956.5931870001
BUSNAICS_ECN253_PCT,0.10692377882597041,% Real Estate and Rental and Leasing,Albany-Schenectady-Troy NY,1091,305520.95673750044
BUSNAICS_ECN251_PCT,0.09185873811207866,% Information,La Crosse-Eau Claire WI,403,136841.34242129998
BUSNAICS_ECN256_PCT,0.20883243778440055,% Administrative and Support and Waste Management and Remediation Services,QuincyIl-Hannibal MO-Keokuk IA,245,89317.786473
BUSNAICS_ECN245_PCT,0.09664035843063255,% Retail Trade,Tallahassee FL-Thomasville GA,793,295135.85559319984
BUSNAICS_ECN256_PCT,0.10810112946251357,% Administrative and Support and Waste Management and Remediation Services,Joplin MO-Pittsburg KS,400,142701.09814660007
BUSNAICS_ECN233_PCT,0.10547962314321162,% Manufacturing,Waco-Temple-Bryan TX,955,315071.7977686997
BUSNAICS_ECN249_PCT,0.09420822604587875,% Transportation and Warehousing,Toledo OH,874,374371.81324009976
BUSNAICS_ECN233_PCT,0.1436724555723396,% Manufacturing,Bluefield-Beckley-Oak Hill WV,335,104541.2633004
BUSNAICS_ECN248_PCT,0.16300562651383146,% Transportation and Warehousing,Duluth MN-Superior WI,311,114584.20884179996
BUSNAICS_ECN281_PCT,0.099124128927181,% Other Services (except Public Administration),Roanoke-Lynchburg VA,1185,358697.86331870063
BUSNAICS_ECN254_PCT,0.0973751631220396,"% Professional, Scientific, and Technical Services",Baton Rouge LA,876,298707.0394770999
BUSNAICS_ECN231_PCT,0.145967189202756,% Manufacturing,Monterey-Salinas CA,530,136288.7305298999
BUSNAICS_ECN251_PCT,0.14294886818802693,% Information,Topeka KS,377,144403.31496369996
BUSNAICS_ECN232_PCT,0.11908191978187702,% Manufacturing,Wilmington NC,413,165400.6914568001
BUSNAICS_ECN233_PCT,0.12386098718558036,% Manufacturing,Little Rock-Pine Bluff AR,889,462367.14757999976
BUSNAICS_ECN244_PCT,0.11116763040743538,% Retail Trade,Yuma AZ-El Centro CA,238,153382.5717267
BUSNAICS_ECN222_PCT,0.2670383257447672,% Utilities,Omaha NE,783,360866.2786215994
BUSNAICS_ECN251_PCT,0.10861032386933304,% Information,Ft. Smith-Fayetteville-Springdale-Rogers AR,527,226971.71057609984
BUSNAICS_ECN261_PCT,0.12567976350300192,% Educational Services,Savannah GA,1004,329428.2246105001
BUSNAICS_ECN223_PCT,0.0946010973193619,% Construction,Columbus GA,661,209910.26874010003
BUSNAICS_ECN256_PCT,0.09490463947939978,% Administrative and Support and Waste Management and Remediation Services,Portland-Auburn ME,931,293634.1751369002
BUSNAICS_ECN261_PCT,0.23488707533052883,% Educational Services,OttumwaIa-Kirksville MO,127,40190.90630169998
BUSNAICS_ECN255_PCT,0.1461204023119766,% Management of Companies and Enterprises,Greenwood-Greenville MS,294,95835.74781429998
BUSNAICS_ECN255_PCT,0.10435426074670606,% Management of Companies and Enterprises,Reno NV,626,131859.5704808999
BUSNAICS_ECN222_PCT,0.15137200859801903,% Utilities,Odessa-Midland TX,486,307522.5011674004
BUSNAICS_ECN292_PCT,0.23304187178316554,% Public Administration,Eureka CA,151,28015.329909600005
BUSNAICS_ECN233_PCT,0.1500917785254842,% Manufacturing,Minot-Bismarck-Dickinson ND,194,126020.0011229
BUSNAICS_ECN272_PCT,0.09981667085180929,% Accommodation and Food Services,Honolulu HI,791,221497.6882570003
BUSNAICS_ECN253_PCT,0.08413173006105318,% Real Estate and Rental and Leasing,Greenville-New Bern-Washington NC,747,262217.0021548
BUSNAICS_ECN281_PCT,0.17036384672823515,% Other Services (except Public Administration),Abilene-Sweetwater TX,345,98146.67219400007
BUSNAICS_ECN248_PCT,0.2365653513460276,% Transportation and Warehousing,Fargo-Valley City ND,225,177328.4600379999
BUSNAICS_ECN211_PCT,0.0874552057016216,"% Agriculture, Forestry, Fishing and Hunting",Macon GA,795,197180.2106396
BUSNAICS_ECN255_PCT,0.3075638480222801,% Management of Companies and Enterprises,Watertown NY,194,73602.0963348
BUSNAICS_ECN245_PCT,0.12933556782280237,% Retail Trade,Youngstown OH,459,153370.3981019999
BUSNAICS_ECN281_PCT,0.08808661625121386,% Other Services (except Public Administration),Knoxville TN,1151,348206.2355108997
BUSNAICS_ECN253_PCT,0.19511608889604376,% Real Estate and Rental and Leasing,Hattiesburg-Laurel MS,305,116025.66574509996
BUSNAICS_ECN232_PCT,0.18478678555952663,% Manufacturing,Rockford IL,285,98960.45492740002
BUSNAICS_ECN231_PCT,0.20934588429999365,% Manufacturing,Terre Haute IN,202,106060.91935780001
BUSNAICS_ECN232_PCT,0.09357265333369162,% Manufacturing,Chattanooga TN,980,302624.2185259996
BUSNAICS_ECN251_PCT,0.10240845462475864,% Information,Lincoln & Hastings-Kearney NE,616,270898.7588831001
BUSNAICS_ECN256_PCT,0.18199564173438398,% Administrative and Support and Waste Management and Remediation Services,Elmira (Corning) NY,142,53066.527707799985
BUSNAICS_ECN249_PCT,0.1004680286929203,% Transportation and Warehousing,Huntsville-Decatur (Florence) AL,789,301618.1456040998
BUSNAICS_ECN252_PCT,0.14146622776191148,% Finance and Insurance,Colorado Springs-Pueblo CO,587,170447.4485703001
BUSNAICS_ECN245_PCT,0.13159988923805482,% Retail Trade,Charleston-Huntington WV,770,333105.88544720015
BUSNAICS_ECN271_PCT,0.11432618875226985,"% Arts, Entertainment, and Recreation",Boise ID,439,122137.78311299998
BUSNAICS_ECN256_PCT,0.10273099124934344,% Administrative and Support and Waste Management and Remediation Services,Jackson TN,266,88264.30562559995
BUSNAICS_ECN271_PCT,0.11444352616654578,"% Arts, Entertainment, and Recreation",Santa Barbara-Santa Maria-San Luis Obispo CA,483,134335.06198190004
BUSNAICS_ECN261_PCT,0.1596853450292377,% Educational Services,Utica NY,198,60235.3507807
BUSNAICS_ECN233_PCT,0.0853633628635343,% Manufacturing,Medford-Klamath Falls OR,416,103340.2398768
BUSNAICS_ECN223_PCT,0.1158649348790918,% Construction,Clarksburg-Weston WV,273,98071.1610039
BUSNAICS_ECN249_PCT,0.09518667335410236,% Transportation and Warehousing,Wilkes Barre-Scranton PA,386,253348.2616700999
BUSNAICS_ECN271_PCT,0.08544732902959065,"% Arts, Entertainment, and Recreation",Biloxi-Gulfport MS,394,149744.46758940013
BUSNAICS_ECN211_PCT,0.13089375658034894,"% Agriculture, Forestry, Fishing and Hunting",Rochester NY,586,157117.7777728
BUSNAICS_ECN272_PCT,0.1379152865851264,% Accommodation and Food Services,Rochester MN-Mason CityIa-Austin MN,216,112031.51493640002
BUSNAICS_ECN251_PCT,0.1562941600676723,% Information,Meridian MS,221,69357.09382179998
BUSNAICS_ECN221_PCT,0.29855107228208055,"% Mining, Quarrying, and Oil and Gas Extraction",North Platte NE,40,14840.1923793
BUSNAICS_ECN233_PCT,0.1146255871385979,% Manufacturing,Corpus Christi TX,594,301369.9395292999
BUSNAICS_ECN232_PCT,0.10661252957673603,% Manufacturing,Columbus-Tupelo-West Point MS,431,223186.0307143
BUSNAICS_ECN232_PCT,0.12582379168209018,% Manufacturing,Tucson (Sierra Vista) AZ,565,306390.75828879996
BUSNAICS_ECN262_PCT,0.10824795742732556,% Health Care and Social Assistance,Charleston SC,800,314970.4614526004
BUSNAICS_ECN255_PCT,0.18295715471438057,% Management of Companies and Enterprises,Marquette MI,230,78186.95037950002
BUSNAICS_ECN272_PCT,0.16315533890155992,% Accommodation and Food Services,Binghamton NY,233,69530.06564180003
BUSNAICS_ECN281_PCT,0.19615002540324272,% Other Services (except Public Administration),Alexandria LA,198,92668.85435030001
BUSNAICS_ECN249_PCT,0.23108744197288894,% Transportation and Warehousing,Mankato MN,65,31539.3557833
BUSNAICS_ECN248_PCT,0.09119090771926333,% Transportation and Warehousing,Wichita Falls TX & Lawton OK,432,108602.04699490003
BUSNAICS_ECN261_PCT,0.2926741111872492,% Educational Services,Parkersburg WV,120,60697.12411719999
BUSNAICS_ECN292_PCT,0.21341069150910572,% Public Administration,Presque Isle ME,98,25885.329850799997
BUSNAICS_ECN211_PCT,0.12941027388723308,"% Agriculture, Forestry, Fishing and Hunting",Bowling Green KY,136,60307.70581999997
BUSNAICS_ECN261_PCT,0.10801750172393651,% Educational Services,Harlingen-Weslaco-Brownsville-Mcallen TX,1172,685667.9592635998
BUSNAICS_ECN248_PCT,0.14084322037322883,% Transportation and Warehousing,Lansing MI,503,165175.98050969993
BUSNAICS_ECN242_PCT,0.10615634981292539,% Wholesale Trade,Rapid City SD,240,87414.77153919997
BUSNAICS_ECN252_PCT,0.2547195520104843,% Finance and Insurance,Harrisonburg VA,233,74889.8565878
BUSNAICS_ECN272_PCT,0.08586085091682065,% Accommodation and Food Services,ProvidenceRi-New Bedford MA,486,317903.6646254996
BUSNAICS_ECN292_PCT,0.3344645947292274,% Public Administration,Johnstown-Altoona PA,157,181871.74268619998
BUSNAICS_ECN248_PCT,0.19024371767399392,% Transportation and Warehousing,Cheyenne WY-Scottsbluff NE,53,35628.2600775
BUSNAICS_ECN271_PCT,0.11880820050788884,"% Arts, Entertainment, and Recreation",Laredo TX,197,159551.87385850013
BUSNAICS_ECN292_PCT,0.14363226043773564,% Public Administration,Lafayette IN,74,35945.0444203
BUSNAICS_ECN292_PCT,0.4572492814268848,% Public Administration,Helena MT,45,16969.612211499996
BUSNAICS_ECN252_PCT,0.09917157328998215,% Finance and Insurance,Lexington KY,728,333796.58878220024
BUSNAICS_ECN281_PCT,0.37949730903327344,% Other Services (except Public Administration),Grand Junction-Montrose CO,91,47493.598867
BUSNAICS_ECN231_PCT,0.13494688782206743,% Manufacturing,Dothan AL,280,93200.02584770002
BUSNAICS_ECN252_PCT,0.10040406617380034,% Finance and Insurance,Palm Springs CA,250,135722.0348477001
BUSNAICS_ECN249_PCT,0.18442404245246005,% Transportation and Warehousing,Great Falls MT,138,55281.2227681
BUSNAICS_ECN253_PCT,0.13179162902671876,% Real Estate and Rental and Leasing,Casper-Riverton WY,55,36576.793611
BUSNAICS_ECN248_PCT,0.1438271325831304,% Transportation and Warehousing,Harrisburg-Lancaster-Lebanon-York PA,217,217487.09594439997
BUSNAICS_ECN292_PCT,0.15212293554751474,% Public Administration,Anchorage AK,147,45515.2600702
BUSNAICS_ECN271_PCT,0.2701423739617677,"% Arts, Entertainment, and Recreation",Jonesboro AR,47,31989.434322200006
BUSNAICS_ECN221_PCT,0.3688195634432171,"% Mining, Quarrying, and Oil and Gas Extraction",Ft. Wayne IN,69,28525.7958863
BUSNAICS_ECN256_PCT,0.18291016949192018,% Administrative and Support and Waste Management and Remediation Services,Erie PA,35,17463.080970499996
BUSNAICS_ECN272_PCT,0.1364807497324538,% Accommodation and Food Services,Zanesville OH,76,39394.1776065
BUSNAICS_ECN272_PCT,0.1796983226075888,% Accommodation and Food Services,Fairbanks AK,36,13654.295325699999
BUSNAICS_ECN292_PCT,0.29599784383434735,% Public Administration,Alpena MI,49,18899.640687400002
BUSNAICS_ECN261_PCT,0.11410967513903887,% Educational Services,Juneau AK,25,6693.650871500002
BUSNAICS_ECN255_PCT,0.21488044697137543,% Management of Companies and Enterprises,Butte-Bozeman MT,71,20180.315381799996
BUSNAICS_ECN221_PCT,0.16711009124752807,"% Mining, Quarrying, and Oil and Gas Extraction",Bend OR,102,33787.1750193
BUSNAICS_ECN248_PCT,0.3192213934114004,% Transportation and Warehousing,Victoria TX,78,41097.2709521
BUSNAICS_ECN245_PCT,0.3449699050067798,% Retail Trade,Glendive MT,15,4340.8451071
