colnames,dma_list,%_rtlr,%_present_volume,description,no_of_dma,mean_rtlr_vol,Cumulative Feature Importance,Impact_index,threshold
BUSNAICS_ECN245_PCT,"[u'Los Angeles CA', u'Hartford & New Haven CT', u'Greensboro-High Point-Winston Salem NC', u'Billings MT', u'Tallahassee FL-Thomasville GA', u'Youngstown OH', u'Charleston-Huntington WV', u'Glendive MT']",3.830462121297033,6.404657462442394,['% Retail Trade'],8,336.61939570269993,0.15182460420375002,195.76383565344673,1.6402358712715845
BUSNAICS_ECN292_PCT,"[u'Madison WI', u'Memphis TN', u'Augusta GA', u'Boston MA (Manchester NH)', u'Louisville KY', u'Wausau-Rhinelander WI', u'Eureka CA', u'Presque Isle ME', u'Johnstown-Altoona PA', u'Lafayette IN', u'Helena MT', u'Anchorage AK', u'Alpena MI']",2.330501350609175,4.602418711869856,['% Public Administration'],13,397.58607772350564,0.08571584135415103,79.42214636981319,3.5632690355329975
BUSNAICS_ECN253_PCT,"[u'Flint-Saginaw-Bay City MI', u'Pittsburgh PA', u'Chico-Redding CA', u'Des Moines-Ames IA', u'Tulsa OK', u'South Bend-Elkhart IN', u'Albany-Schenectady-Troy NY', u'Greenville-New Bern-Washington NC', u'Hattiesburg-Laurel MS', u'Casper-Riverton WY']",1.903462267005907,3.636592827343,['% Real Estate and Rental and Leasing'],10,384.63146253587524,0.0945606695533783,69.23084253765292,1.107637873754153
BUSNAICS_ECN223_PCT,"[u'Gainesville FL', u'Birmingham (Anniston & Tuscaloosa) AL', u'Lafayette LA', u'Yakima-Pasco-Richland-Kennewick WA', u'Orlando-Daytona Beach-Melbourne FL', u'Columbus GA', u'Clarksburg-Weston WV']",2.097647362108968,3.7560893102314314,['% Construction'],7,360.49382537559427,0.08601717368648923,65.0452338310596,1.9969614882506548
BUSNAICS_ECN252_PCT,"[u'Monroe LA-El Dorado AR', u'New Orleans LA', u'Las Vegas NV', u'Baltimore MD', u'Charlotte NC', u'Colorado Springs-Pueblo CO', u'Harrisonburg VA', u'Lexington KY', u'Palm Springs CA']",2.1590132146740046,4.099543970512435,['% Finance and Insurance'],9,382.273901415185,0.0762382710773907,62.9220680811429,1.4760934371523913
BUSNAICS_ECN233_PCT,"[u'Beaumont-Port Arthur TX', u'Ft. Myers-Naples FL', u'Evansville IN', u'Cedar Rapids-Waterloo-Iowa City & Dubuque IA', u'Waco-Temple-Bryan TX', u'Bluefield-Beckley-Oak Hill WV', u'Little Rock-Pine Bluff AR', u'Minot-Bismarck-Dickinson ND', u'Medford-Klamath Falls OR', u'Corpus Christi TX']",1.7185240811934677,3.551448414233767,['% Manufacturing'],10,416.0488148126364,0.08597776349443417,61.473233142795344,2.5724214285714275
BUSNAICS_ECN272_PCT,"[u'Mobile AL-Pensacola (Ft. Walton Beach) FL', u'Davenport IA-Rock Island-Moline IL', u'Springfield-Holyoke MA', u'Honolulu HI', u'Rochester MN-Mason CityIa-Austin MN', u'Binghamton NY', u'ProvidenceRi-New Bedford MA', u'Zanesville OH', u'Fairbanks AK']",1.189768995393358,2.4313550217385846,['% Accommodation and Food Services'],9,411.415009210669,0.11537581319209303,56.47517090957178,4.14040476190476
BUSNAICS_ECN231_PCT,"[u'Richmond-Petersburg VA', u'Philadelphia PA', u'Amarillo TX', u'Jacksonville FL', u'Monterey-Salinas CA', u'Terre Haute IN', u'Dothan AL']",1.5540411795693743,3.1374322738246634,['% Manufacturing'],7,406.44916671391974,0.0838424446514104,52.95813630565412,0.8742767710049422
BUSNAICS_ECN232_PCT,"[u'Columbia SC', u'Wilmington NC', u'Rockford IL', u'Chattanooga TN', u'Columbus-Tupelo-West Point MS', u'Tucson (Sierra Vista) AZ']",1.0698393839877156,2.1389871495172854,['% Manufacturing'],6,402.51678429764286,0.10184129473934807,43.8557444949323,1.6196315789473674
BUSNAICS_ECN255_PCT,"[u'New York NY', u'Bangor ME', u'Buffalo NY', u'Greenwood-Greenville MS', u'Reno NV', u'Watertown NY', u'Marquette MI', u'Butte-Bozeman MT']",3.8385881930978827,4.028521350036863,['% Management of Companies and Enterprises'],8,211.28494222367252,0.05397447226090799,43.77523385589821,0.07313468013468015
BUSNAICS_ECN254_PCT,"[u'Springfield MO', u'Green Bay-Appleton WI', u'Lima OH', u'Lake Charles LA', u'Columbia-Jefferson City MO', u'Baton Rouge LA']",0.9866172003721181,1.8053112564766236,"['% Professional, Scientific, and Technical Services']",6,368.38149671280877,0.11868480267812967,43.136172047691225,2.329863128491621
BUSNAICS_ECN261_PCT,"[u'Albuquerque-Santa Fe NM', u'Tyler-Longview (Lufkin & Nacogdoches) TX', u'Sherman TX-Ada OK', u'San Angelo TX', u'Savannah GA', u'OttumwaIa-Kirksville MO', u'Utica NY', u'Parkersburg WV', u'Harlingen-Weslaco-Brownsville-Mcallen TX', u'Juneau AK']",1.2827985070444636,2.966147249717697,['% Educational Services'],10,465.5096215949542,0.06545400639340751,39.08619030325916,4.916466475095785
BUSNAICS_ECN244_PCT,"[u'Norfolk-Portsmouth-Newport News VA', u'Albany GA', u'Cincinnati OH', u'Yuma AZ-El Centro CA']",1.036494468666988,1.919242565707986,['% Retail Trade'],4,372.7840126474725,0.09935318835489527,38.38893608691263,3.2661679586563315
BUSNAICS_ECN248_PCT,"[u'Champaign & Springfield-Decatur IL', u'El Paso TX (Las Cruces NM)', u'Missoula MT', u'Duluth MN-Superior WI', u'Fargo-Valley City ND', u'Wichita Falls TX & Lawton OK', u'Lansing MI', u'Cheyenne WY-Scottsbluff NE', u'Harrisburg-Lancaster-Lebanon-York PA', u'Victoria TX']",0.8756542888846546,2.2803996770775914,['% Transportation and Warehousing'],10,524.2913495593278,0.07101026868430639,32.600670121647184,1.1456370056497176
BUSNAICS_ECN211_PCT,"[u'San Antonio TX', u'Montgomery (Selma) AL', u'Burlington VT-Plattsburgh NY', u'Macon GA', u'Rochester NY', u'Bowling Green KY']",1.4848294645759312,2.7223503996353857,"['% Agriculture, Forestry, Fishing and Hunting']",6,369.1151297834683,0.05676930274887352,31.113723230574667,0.8028663239074552
BUSNAICS_ECN262_PCT,"[u'Minneapolis-St. Paul MN', u'St. Joseph MO', u'Wichita-Hutchinson KS', u'Panama City FL', u'Charlottesville VA', u'Charleston SC']",1.1732366424192155,2.493760171491073,['% Health Care and Social Assistance'],6,427.92086877083864,0.061230528644924384,30.740936510600985,5.051638084632517
BUSNAICS_ECN249_PCT,"[u'Lubbock TX', u'Toledo OH', u'Huntsville-Decatur (Florence) AL', u'Wilkes Barre-Scranton PA', u'Mankato MN', u'Great Falls MT']",0.7268631121173741,1.6712380101015638,['% Transportation and Warehousing'],6,462.89242715751715,0.08750456963400936,29.441737637141724,0.5107427184466021
BUSNAICS_ECN251_PCT,"[u'Milwaukee WI', u'Sioux City IA', u'La Crosse-Eau Claire WI', u'Topeka KS', u'Ft. Smith-Fayetteville-Springdale-Rogers AR', u'Lincoln & Hastings-Kearney NE', u'Meridian MS']",1.0667570808908418,1.767171377947634,['% Information'],7,333.508982276123,0.0748314122732003,26.62300115592606,0.8567729805013925
BUSNAICS_ECN281_PCT,"[u'Seattle-Tacoma WA', u'Roanoke-Lynchburg VA', u'Abilene-Sweetwater TX', u'Knoxville TN', u'Alexandria LA', u'Grand Junction-Montrose CO']",1.678173931561663,2.228815394320367,['% Other Services (except Public Administration)'],6,267.3816067491068,0.05616914546294092,25.203816906049447,2.473153911564625
BUSNAICS_ECN256_PCT,"[u'Idaho Falls-Pocatello ID', u'Sioux Falls (Mitchell) SD', u'Shreveport LA', u'QuincyIl-Hannibal MO-Keokuk IA', u'Joplin MO-Pittsburg KS', u'Portland-Auburn ME', u'Elmira (Corning) NY', u'Jackson TN', u'Erie PA']",1.090014458803618,1.8973304603391714,['% Administrative and Support and Waste Management and Remediation Services'],9,350.43310023272494,0.06407638599805912,24.47571505575145,2.2659947916666665
BUSNAICS_ECN221_PCT,"[u'Peoria-Bloomington IL', u'Eugene OR', u'Syracuse NY', u'Twin Falls ID', u'North Platte NE', u'Ft. Wayne IN', u'Bend OR']",0.5094206391015367,0.8251571237773573,"['% Mining, Quarrying, and Oil and Gas Extraction']",7,326.1027923300329,0.14422696997407414,23.959488019817226,1.216712707182321
BUSNAICS_ECN242_PCT,"[u'Spokane WA', u'Salisbury MD', u'Rapid City SD']",0.3841670496194757,0.6695870133111401,['% Wholesale Trade'],3,350.89833714981756,0.1595579486408941,21.508982518611333,1.1657406015037595
BUSNAICS_ECN222_PCT,"[u'Omaha NE', u'Odessa-Midland TX']",0.35558569363028053,0.9302879760265941,['% Utilities'],2,526.7051062167059,0.11298573932369824,21.160963595233266,0.291018115942029
BUSNAICS_ECN271_PCT,"[u'Traverse City-Cadillac MI', u'Boise ID', u'Santa Barbara-Santa Maria-San Luis Obispo CA', u'Biloxi-Gulfport MS', u'Laredo TX', u'Jonesboro AR']",0.6352346473284839,1.1850147747800763,"['% Arts, Entertainment, and Recreation']",6,375.56402782642266,0.08808092982658906,21.01358041591461,1.1423023809523811
